,,"Click button/link to filter view.   Updated May 7th, 2023.  Submit Errors & Omissions.",,,,,
,,,,,,,Submit your own homebrewed spells for inclusion!
Source,Spell Name,Tier #,Spell Type,Duration,Range,Description,
CR,Acid Arrow,2,Wizard,Focus,Far,"You conjure a corrosive bolt that hits one foe, dealing 1d6 damage a round. The bolt remains in the target for as long as you focus.",
CR,Alarm,1,Wizard,1 day,Close,"Send a strobing orb of energy streaking toward a target within range. Choose an energy type from fire, cold, or electricity. The orb deals 3d8 damage and delivers a concussive blast of the chosen energy type. If the energy type is anathema to the target's existence, the orb deals double damage to it.",
CR,Animate Dead,3,Wizard,1 day,Close,"You touch one humanoid’s remains, and it rises as a zombie or skeleton under your control. The remains must have at least three limbs and its head intact. The undead creature acts on your turn. After 1 day, the creature collapses into grave dust.",
CR,Antimagic Shell,5,Wizard,Focus,Self,"An invisible, near-sized cube of null-magic appears centered on you. Within the cube, no spells can be cast. Magic items and spells have no effect in the zone, and no magic can enter. The cube moves with you. Spells such as dispel magic have no effect on it. Another antimagic shell does not affect this one.",
CR,Arcane Eye,4,Wizard,Focus,Near,"You conjure an invisible, grape-sized eye within range. You can see through the eye. It can see in the dark out to near range, fly near on your turn, and squeeze through openings as narrow as a keyhole.",
CR,Bless,2,Priest,Instant,Close,One creature you touch gains a luck token.,
CR,Blind/Deafen,2,Priest,Focus,Near,"You utter a divine censure, blinding or deafening one creature you can see in range. The creature has disadvantage on tasks requiring the lost sense.",
CR,Burning Hands,1,Wizard,Instant,Close,"You spread your fingers with thumbs touching, unleashing a circle of flame that roars out to a close area around where you stand. Creatures within the area of effect take 1d6 damage, and flammable objects catch fire.",
CR,Cleansing Weapon,2,Priest,5 rounds,Close,One weapon you touch is wreathed in purifying flames. It deals an additional 1d4 damage (1d6 vs. undead) for the duration.,
CR,Cloudkill,4,Wizard,5 rounds,Far,A putrid cloud of yellow poison fills a near-sized cube within range. It spreads around corners. Creatures inside the cloud are blinded and take 2d6 damage at the beginning of their turns. A creature of LV 9 or less that ends its turn fully inside the cloud dies.,
CR,Command,3,Priest,Focus,Far,"You issue a verbal command to one creature in range who can understand you. The command must be one word, such as “kneel.” The target obeys the command for as long as you focus. If your command is ever directly harmful to the creature, it may make a Charisma check vs. your last spellcasting check. On a success, the spell ends.",
CR,Commune,4,Priest,Instant,Self,"You seek your god's counsel. Ask the GM up to three yes or no questions. The GM truthfully answers ""yes"" or ""no"" to each. If you cast this spell more than once in 24 hours, treat a failed spellcasting check for it as a critical failure, instead.",
CR,Confusion,4,Wizard,Focus,Near,"You mesmerize one creature you can see in range. The target can't take actions, and it moves in a random direction on its turn. If the target is LV 9+, it may make a WIS check vs. your last spellcasting check at the start of its turn to end the spell.",
CR,Control Water,4,"Priest, Wizard",Focus,Far,"You move and shape water. You can cause a section of water up to 100 feet in width and depth to change shape, defy gravity, or flow in a different direction.",
CR,Create Undead,5,Wizard,1 day,Close,"You conjure a vengeful undead creature to do your bidding. When you cast this spell, you choose to summon either a wight or wraith. It appears next to you and is under your control. The undead creature acts on your turn. After 1 day, it melts away into smoke.",
CR,Cure Wounds,1,Priest,Instant,Close,Your touch restores ebbing life. Roll a number of d6s equal to 1 + half your level (rounded down). One target you touch regains that many hit points.,
CR,Detect Magic,1,Wizard,Focus,Near,"You can sense the presence of magic within near range for the spell's duration. If you focus for two rounds, you discern its general properties. Full barriers block this spell.",
CR,Detect Thoughts,2,Wizard,Focus,Near,"You peer into the mind of one creature you can see within range. Each round, you learn the target’s immediate thoughts. On its turn, the target makes a Wisdom check vs. your last spellcasting check. If the target succeeds, it notices your presence in its mind and the spell ends. ""Magic is simply the art of doing and undoing."" -Creeg, human wizard",
CR,Disintegrate,5,Wizard,Instant,Far,"A green ray shoots from your finger and turns a creature or object into ash. A target creature of LV 5 or less instantly dies. If it is LV 6+, it takes 3d8 damage, instead. A non-magical object up to the size of a large tree is destroyed.",
CR,Dispel Magic,3,Wizard,Instant,Near,End one spell that affects one target you can see in range.,
CR,Divine Vengeance,5,Priest,10 rounds,Self,"You become the divine avatar of your god's wrath, wreathed in holy flames or a black aura of smoldering corruption. For the spell's duration, you can fly a near distance, your weapons are magical, and you have a +4 bonus to your weapon attacks and damage.",
CR,Dominion,5,Priest,10 rounds,Near,"Mighty beings come to your aid. The beings must have a combined total of 16 levels or less. Chaotic PCs summon demons/devils, and lawful or neutral PCs summon angels. The beings act of free will to aid you on your turn. After 10 rounds, they return to their realms. You cannot cast this spell again until you complete penance.",
CR,Fabricate,3,Wizard,10 rounds,Near,"This spell can't target creatures. You turn a tree-sized collection of raw materials into a finished work. For example, you convert a pile of bricks or rocks into a bridge. The finished work converts back to raw materials when the spell ends.",
CR,Feather Fall,1,Wizard,Instant,Self,You may make an attempt to cast this spell when you fall. Your rate of descent slows so that you land safely on your feet.,
CR,Fireball,3,Wizard,Instant,Far,You hurl a small flame that erupts into a fiery blast. All creatures in a near-sized cube around where the flame lands take 4d6 damage.,
CR,Fixed Object,2,Wizard,5 rounds,Close,"An object you touch that weighs no more than 5 pounds becomes fixed in its current location. It can support up to 5,000 pounds of weight for the duration of the spell.",
CR,Flame Strike,4,Priest,Instant,Far,"You call down a holy pillar of fire, immolating one creature you can see within range. The target takes 2d6 damage.",
CR,Floating Disk,1,Wizard,10 rounds,Near,"You create a floating, circular disk of force with a concave center. It can carry up to 20 gear slots. It hovers at waist level and automatically stays within near of you. It can’t cross over drop-offs or pits taller than a human.",
CR,Fly,3,Wizard,5 rounds,Self,"Your feet lift from the ground, and you take to the air like a hummingbird. You can fly near for the spell's duration and are able to hover in place.",
CR,Gaseous Form,3,Wizard,10 rounds,Self,You and your gear turn into a cloud of smoke for the spell's duration. You can fly and pass through any gap that smoke could. You can sense the terrain and any movement around you out to a near distance. You can't cast spells while in this form.,
CR,Heal,5,Priest,Instant,Close,One creature you touch is healed to full hit points. You cannot cast this spell again until you complete a rest.,
CR,Hold Monster,5,Wizard,Focus,Near,"You paralyze one creature you can see within range. If the target is LV 9+, it may make a STR check vs. your last spellcasting check at the start of its turn to end the spell.",
CR,Hold Person,2,Wizard,Focus,Near,You magically paralyze one humanoid creature of LV 4 or less you can see within range.,
CR,Hold Portal,1,Wizard,10 rounds,Near,You magically hold a portal closed for the duration. A creature must make a successful STR check vs. your spellcasting check to open the portal. The knock spell ends this spell.,
CR,Holy Weapon,1,Priest,5 rounds,Close,One weapon you touch is imbued with a sacred blessing. The weapon becomes magical and has +1 to attack and damage rolls for the duration.,
CR,Illusion,3,Wizard,Focus,Far,"You create a convincing visible and audible illusion that fills up to a near-sized cube in range. The illusion cannot cause harm, but creatures who believe the illusion is real react to it as though it were. A creature who inspects the illusion from afar must pass a Wisdom check vs. your last spellcasting check to perceive the false nature of the illusion. Touching the illusion also reveals its false nature.",
CR,Invisibility,2,Wizard,10 rounds,Close,A creature you touch becomes invisible for the spell’s duration. The spell ends if the target attacks or casts a spell.,
CR,Judgment,5,Priest,5 rounds,Close,"You instantly banish a creature you touch, sending it and all possessions it carries to face the judgment of your god. You can banish an intelligent creature of LV 10 or less. When the creature returns in 5 rounds, it has been healed to full hit points if its deeds pleased your god. It has been reduced to 1 hit point if its deeds angered your god. If your god can't judge its actions, it is unchanged.",
CR,Knock,2,Wizard,Instant,Near,"A door, window, gate, chest, or portal you can see within range instantly opens, defeating all mundane locks and barriers. This spell creates a loud knock audible to all within earshot.",
CR,Lay To Rest,3,Priest,Instant,Close,"You instantly send an undead creature you touch to its final afterlife, destroying it utterly. You can target an undead creature of LV 9 or less.",
CR,Levitate,2,Wizard,Focus,Self,You can float a near distance vertically per round on your turn. You can also push against solid objects to move horizontally.,
CR,Light,1,"Priest, Wizard","1 hour 
real time",Close,"One object you touch glows with bright, heatless light, illuminating out to a near distance for 1 hour of real time.",
CR,Lightning Bolt,3,Wizard,Instant,Far,"You shoot a blue-white ray of lightning from your hands, hitting all creatures in a straight line out to a far distance. Creatures struck by the lightning take 3d6 damage.",
CR,Mage Armor,1,Wizard,10 rounds,Self,An invisible layer of magical force protects your vitals. Your armor class becomes 14 (18 on a critical spellcasting check) for the spell’s duration.,
CR,Magic Circle,3,Wizard,Focus,Near,"Conjure a circle of runes around yourself and name a type of creature. Creatures of the chosen type cannot attack or cast hostile spells on anyone inside the circle, and can't possess, compel, or beguile anyone inside the circle.",
CR,Magic Missile,1,Wizard,Instant,Far,"You have advantage on your check to cast this spell. A glowing bolt of force streaks from your open hand, dealing 1d4 damage to one target.",
CR,Mass Cure,3,Priest,Instant,Near,All allies within near range of you regain 2d6 hit points.,
CR,Mirror Image,2,Wizard,5 rounds,Self,"Create a number of illusory duplicates of yourself equal to half your level rounded down (minimum 1). Each time a creature attacks you, the attack misses and causes one of the duplicates to evaporate. If all the illusions have disappeared, the spell ends.",
CR,Misty Step,2,Wizard,Instant,Self,"In a puff of smoke, you teleport a near distance to an area you can see.",
CR,Passwall,4,Wizard,5 rounds,Close,A tunnel of your height opens in a barrier you touch and lasts for the duration. The passage can be up to near distance in length and must be in a straight line.,
CR,Pillar Of Salt,4,Priest,Focus,Near,"A creature you target turns into a statue made of hardened salt. You can target a creature you can see of LV 5 or less. If you focus on this spell for 3 rounds in a row, the transformation becomes permanent.",
CR,Plane Shift,5,"Priest, Wizard",Instant,Close,"You fold space and time, transporting yourself and all willing creatures within close range to a location on another plane of your choice. Unless you have been to your intended location before, you appear in a random place on the destination plane.",
CR,Power Word Kill,5,Wizard,Instant,Near,"Utter the Word of Doom. One creature you target of LV 9 or less dies if it hears you. Treat a failed spellcasting check for this spell as a critical failure, and roll the mishap with disadvantage.",
CR,Prismatic Orb,5,Wizard,Instant,Far,"Send a strobing orb of energy streaking toward a target within range. Choose an energy type from fire, cold, or electricity. The orb deals 3d8 damage and delivers a concussive blast of the chosen energy type. If the energy type is anathema to the target's existence, the orb deals double damage to it.",
CR,Prophecy,5,Priest,Instant,Self,Commune directly with your god for guidance. Ask the GM one question. The GM answers the question truthfully using the knowledge your god possesses. You cannot cast this spell again until you complete penance.,
CR,Protection From Energy,3,Wizard,10 minutes,Close,"One creature you touch becomes impervious to the wild fury of the elements. Choose fire, cold, or electricity. For the spell's duration, the target is immune to harm from energy of the chosen type.",
CR,Protection From Evil,1,"Priest, Wizard",Focus,Close,"For the spell's duration, chaotic beings have disadvantage on attack rolls and hostile spellcasting checks against the target. These beings also can't possess, compel, or beguile it. When cast on an already-possessed target, the possessing entity makes a CHA check vs. the last spellcasting check. On a failure, the entity is expelled.",
CR,Rebuke Unholy,3,Priest,Instant,Near,"Rebuke creatures who oppose your alignment, forcing them to flee. You must present a holy symbol to cast this spell. If you are lawful or neutral, this spell affects demons, devils, and outsiders. If you are chaotic, this spell affects angels and natural creatures of the wild. Affected creatures within near of you must make a CHA check vs. your spellcasting check. If a creature fails by 10+ points and is equal to or less than your level, it is destroyed. Otherwise, on a fail, it flees from you for 5 rounds.",
CR,Regenerate,4,Priest,Focus,Close,A creature you touch regains 1d4 hit points on your turn for the duration. This spell also regrows lost body parts.,
CR,Resilient Sphere,4,Wizard,5 rounds,Close,"You conjure a weightless, glassy sphere around you that extends out to close range. For the spell's duration, nothing can pass through or crush the sphere. You can roll the sphere a near distance on your turn.",
CR,Restoration,3,Priest,Instant,Close,"With the touch of your hands, you expunge curses and illnesses. One curse, illness, or affliction of your choice affecting the target creature ends.",
CR,Sending,3,Wizard,Instant,Unlimited,"You send a brief, mental message to any creature with whom you are familiar who is on the same plane.",
CR,Shield Of Faith,1,Priest,5 rounds,Self,A protective force wrought of your holy conviction surrounds you. You gain a +2 bonus to your armor class for the duration.,
CR,Silence,2,Wizard,Focus,Far,"You magically mute sound in a near cube within the spell’s range. Creatures inside the area are deafened, and any sounds they create cannot be heard.",
CR,Sleep,1,Wizard,Instant,Near,You weave a lulling spell that fills a near-sized cube extending from you. Living creatures in the area of effect fall into a deep sleep if they are LV 2 or less.,
CR,Smite,2,Priest,Instant,Near,You call down punishing flames on a creature you can see within range. It takes 1d6 damage.,
CR,Stoneskin,4,Wizard,10 rounds,Self,"Your skin becomes like granite. For the spell's duration, your armor class becomes 17 (20 on a critical spellcasting check).",
CR,Summon Extraplanar,5,Wizard,Focus,Near,"Reach into the outer planes and summon an elemental or outsider of LV 7 or less under your control. If you lose focus, you lose control and the creature becomes hostile towards you and your allies. A spellcasting check is required to return the creature to the outer planes.",
CR,Telekinesis,4,Wizard,Focus,Far,"Lift a creature or object weighing 1,000 pounds or less and move it in any direction or hold it in place.",
CR,Teleport,5,Wizard,Instant,Close,Teleport yourself and willing creatures within close range to a specified location on your same plane with a 50% chance of arriving off-target if the location is unknown.,
CR,Turn Undead,1,Priest,Instant,Near,"You rebuke undead creatures, forcing them to flee. You must present a holy symbol to cast this spell. 

Undead creatures within near of you must make a CHA check vs. your spellcasting check. If a creature fails by 10+ points and is equal to or less than your level, it is destroyed. Otherwise, on a fail, it flees from you for 5 rounds.",
CR,Wall Of Force,4,Wizard,5 rounds,Near,"Conjures a contiguous, transparent wall of force in a near-sized area of your choice that blocks physical objects on the same plane.",
CR,Web,2,Wizard,5 rounds,Far,Creates a near-sized cube of sticky spider web within range. Creatures stuck in the web must succeed on a Strength check vs. your spellcasting check to free themselves.,
CR,Wish,5,Wizard,Instant,Self,"Alter reality with a single wish, interpreted by the GM. A failed spellcasting check is treated as a critical failure and rolls the mishap with disadvantage.",
CR,Wrath,4,Priest,10 rounds,Self,Weapons become magical +2 and deal an additional d8 damage for the spell's duration.,
CR,Zone Of Truth,2,Priest,Focus,Near,Compel a creature you can see to speak the truth while within range. They cannot utter a deliberate lie.,
CR,Alter Self,2,Wizard,5 rounds,Self,"You magically change your physical form, gaining one feature that modifies your existing anatomy. For example, you can grow functional gills on your neck or bear claws on your fingers. This spell can’t grow wings or limbs.",
CR,Augury,2,Priest,Instant,Self,You interpret the meaning of supernatural portents and omens. Ask the GM one question about a specific course of action. The GM says whether the action will lead to “weal” or “woe.”,
CR,Charm Person,1,Wizard,1d8 days,Near,"You magically beguile one humanoid of LV 2 or less within near range, who regards you as a friend for the duration. The spell ends if you or your allies do anything harmful to the target. The target knows it was magically charmed after the spell ends.",
CR,Dimension Door,4,Wizard,Instant,Self,You teleport yourself and up to one other willing creature to any point you can see.,
CR,Divination,4,Wizard,Instant,Self,"You throw the divining bones or peer into the blackness between the stars, seeking a portent. You can ask the GM one yes or no question. The GM truthfully answers ""yes"" or ""no."" If you cast this spell more than once in 24 hours, treat a failed spellcasting check for it as a critical failure, instead.",
CR,Polymorph,4,Wizard,10 rounds,Touch,"You transform a creature you touch into another natural creature you choose of equal or smaller size. Any gear the target carries melds into its new form. The target gains the creature's hit points, armor class, and attacks, but retains its intellect. If the target goes to 0 hit points, it reverts to its true form at half its prior hit points. You can target any willing creature with this spell, or an unwilling creature whose level is less than or equal to half your level rounded down (minimum 1).",
CR,Scrying,5,Wizard,Focus,Self,"You look into a crystal ball or reflecting pool, calling up images of a distant place. For the spell's duration, you can see and hear a creature or location you choose that is on the same plane. This spell is DC 18 to cast if you try to scry on a creature or location that is unfamiliar to you. Each round, creatures you view may make a Wisdom check vs. your last spellcasting check. On a success, they become aware of your magical observation.",
CR,Shapechange,5,Wizard,Focus,Self,"You transform yourself and any gear you carry into another natural creature you've seen of level 10 or less. You gain the creature's hit points, armor class, and attacks, but retain your intellect. If you go to 0 hit points while under the effects of this spell, you revert to your true form at 1 hit point.",
CR,Speak With Dead,3,"Priest, Wizard",Instant,Close,"A dead body you touch answers your questions in a distant, wheezing voice. You can ask the dead body up to three yes or no questions (one at a time). The GM truthfully answers ""yes"" or ""no"" to each. If you cast this spell more than once in 24 hours, treat a failed spellcasting check for it as a critical failure, instead.",