,,,,Shadowdark Monster-making zine available NOW!,,,,,,,,,,,,,,,,,,,,,
,,,,Join the newsletter for a free Shadowdark adventure!,,,,,,,,,,,,,,,,,,,,,
,,,,,,,,,,,"Last Updated July 2nd, 2025",,,,,,,,,,,,,,
Monster,5e CR,Source,Flavor Text,AC,HP,ATK,MV,S,D,C,I,W,Ch,AL,LV,Talent 1,Talent 2,Talent 3,Talent 4,Talent 5,Talent 6,Talent 7,Talent 8,Talent 9,Talent 10
Aboleth,10,CR,"Enormous, antediluvian catfish covered in slime and tentacles. They hate all intelligent beings.",16,39,2 tentacle (near) +5 (1d8 + curse) or 1 tail +5 (3d6),near (swim),4,-1,3,4,2,2,C,8,"Curse: DC 15 CON or target gains a magical curse, turning into a deep one over 2d10 days.","Enslave: In place of attacks, one creature within far DC 15 WIS or aboleth controls for 1d4 rounds.",Telepathic: Read the thoughts of all creatures within far.,,,,,,,
Acolyte,  1/4  ,CR,A religious trainee who knows basic rites and rituals.,12,4,1 mace +1 (1d6) or 1 spell +2,near,1,-1,0,-1,2,0,L,1,Healing Touch (WIS Spell): DC 11. Heal one creature within close for 1d4 HP.,,,,,,,,,
"Angel, Archangel",,CR,"A radiant being with a crown of fire, snowy wings, golden armor, and a blazing greatsword.",18 (+3 plate mail),76,3 flaming greatsword +10 (2d12),double near (fly),5,2,4,4,5,5,L,16,Command: DC 18 CHA to resist an archangel's command.,Crown of Fire: Hostile spells targeting the archangel are extreme (DC 18) to cast.,,,,,,,,
"Angel, Domini",16,CR,"Winged, flawless humans glowing with bronze sunlight.",17 (plate mail + shield),42,3 bastard sword +7 (1d8) or 1 horn,near (fly),4,1,2,3,4,4,L,9,Horn: All enemies in near DC 15 CHA or paralyzed 1d4 rounds.,,,,,,,,,
"Angel, Principi",21,CR,Serene humans sculpted from alabaster. Golden orbs for eyes.,16 (+1 plate mail),53,3 silvered bastard sword +9 (1d10),double near (fly),4,2,4,4,4,4,L,11,Moonlight Aura: Hostile spells targeting the principi are DC 15.,Truesight: Can see all invisible creatures and objects.,,,,,,,,
"Angel, Seraph",10,CR,"Beautiful, luminous humanoids with white-feathered wings.",14 (chainmail),14,2 longsword +3 (1d8),near (fly),3,1,1,2,3,3,L,3,"Bless: 3/day, touch one target to give it a luck token.",,,,,,,,,
Animated Armor,1,CR,An old suit of armor magically animated by a,15,11,1 longsword +3 (1d8),near,3,-1,2,-1,1,0,C,2,"Statue. When standing still, looks exactly like a suit of armor.",,,,,,,,,
Ankheg,2,CR,"Horse-sized, rust-brown insects. They burrow vast, underground warrens into the bedrock.",14,14,1 bite +4 (1d6) or 1 acid spray (near) +4 (2d6),near (burrow),2,2,1,-2,1,-2,N,3,,,,,,,,,,
Ape,  1/2  ,CR,"Hooting, omnivorous apes that live in trees.",12,10,1 fist +2 (1d6) or 1 rock (far) +2 (1d4),near (climb),2,2,1,-2,1,0,N,2,,,,,,,,,,
"Ape, Snow",,CR,"White-haired, carnivorous gorillas that stalk",13,19,2 fist +4 (1d6) or 1 rock (far) +4 (2d6),near (climb),3,1,1,-2,1,0,N,4,Thick Fur. Cold immune.,,,,,,,,,
Apprentice,,CR,"A cloaked magician with a thin, freshly bound",11,3,1 dagger (close/near) +1 (1d4) or 1 spell +2,near,-1,1,-1,2,0,0,N,1,Beguile (INT Spell). DC 11. Focus. One target in near of LV 2 or less is stupefied for the duration.,Magic Bolt (INT Spell). DC 11. 1d4 damage to one target within far.,,,,,,,,
Archmage,12,CR,A wizened magic-user crackling with arcane power.,12,44,2 spell +7,near,-1,2,-1,4,2,1,L,10,Death Bolt (INT Spell). DC 15. One target of LV 9 or less within near DC 15 CON or go to 0 HP.,Enervate (INT Spell). DC 14. Focus. One target within near is stupefied for the duration.,Fireblast (INT Spell). DC 14. 4d6 damage to all within a near-sized cube within far.,Float (INT Spell). Self. DC 14. Fly double near for 5 rounds. ,Mithralskin (INT Spell). Self. DC 14. AC becomes 18 for 5 rounds. ,Void Step (INT Spell). Self and up to 4 willing targets. DC 15. Teleport up to 100 miles.,,,,
Assassin,8,CR,"A black-cloaked, skulking killer.",15,38,2 poisoned dagger (close/near) +6 (2d4),near (climb),2,4,2,2,3,3,C,8,Execute. Deals x3 damage against surprised targets.,,,,,,,,,
Azer,2,CR,"Dwarves with bronze, metallic skin and flames for hair.",15,15,"2 flaming warhammer +3 (1d10, ignites flammables) or 1 crossbow (far) +0 (1d6)",near,3,0,2,0,0,0,L,3,Impervious. Fire immune.,,,,,,,,,
Badger,0,CR,"Fierce, clawed burrowers with black-and-white face stripes",11,5,2 claw +2 (1d4),near (burrow),2,0,1,-3,1,-2,N,1,"Rage. 1/day, immune to morale checks, +1d4 damage (3 rounds).",,,,,,,,,
Bandit,  1/8  ,CR,Hard-bitten rogue in tattered leathers and a hooded cloak.,13,4,1 club +1 (1d4) or 1 shortbow (far) +0 (1d4),near,1,0,0,-1,0,-1,C,1,Ambush. Deal an extra die of damage when undetected.,,,,,,,,,
Basilisk,3,CR,"Massive, muscled lizards with six legs and gray, tough hide.",14,25,2 bite +4 (2d6 + petrify),near,3,1,3,-3,1,-3,N,5,"Petrify. Any creature that touches the basilisk or meets its gaze, DC 15 CON or petrified.",,,,,,,,,
"Bat, Giant",  1/4  ,CR,"Leathery, eagle-sized mammal with a taste for flesh.",12,9,1 bite +2 (1d6),near (fly),-1,2,0,-3,1,-3,N,2,,,,,,,,,,
"Bat, Swarm",,CR,"A whirling cloud of screeching, bloodthirsty bats.",12,18,3 bite +2 (1d6),near (fly),-3,2,0,-3,1,-3,N,4,,,,,,,,,,
"Bear, Brown",1,CR,"A hulking, swaying brute with claws as long as a finger.",13,25,2 claw +4 (1d8),near (climb),4,1,3,-2,1,-2,N,5,Crush. Deals an extra die of damage if it hits the same target with both claws.,,,,,,,,,
"Bear, Polar",2,CR,"A mighty, white bear that thrives in arctic environments.",13,34,2 claw +6 (2d6),near (climb),4,1,3,-2,1,-2,N,7,Crush. Deals an extra die of damage if it hits the same target with both claws.,Thick Fur. Cold immune.,,,,,,,,
Beastman,,CR,A cave hominid with scraggly fur and a stone-tipped spear.,12 (leather),5,1 spear (close/near) +2 (1d6 + 1),near,2,1,1,-2,1,-1,C,1,Brutal. +1 damage with melee weapons (included).,,,,,,,,,
Berserker,2,CR,"Howling, battleraging warriors.",12,10,"greataxe +2 (1d10) or 1 spear
(close/near) +2 (1d6)",near,2,1,1,0,1,0,N,2,"Rage. 1/day, immune to morale checks, +1d4 damage (3 rounds).",,,,,,,,,
Black Pudding,4,CR,"A black, ice-cold mass of sludge.",9,30,3 tentacle +4 (2d6),near (climb),2,-1,3,-4,-3,-4,N,6,Impervious. Only damaged by fire.,Corrosive. Wood or metal that touches the ooze dissolves on a d6 roll of 1-3.,,,,,,,,
Boar,  1/4  ,CR,"Ornery wild pig with bristly, russet hair and yellowed tusks.",12,14,2 tusk +3 (1d6),near,3,0,1,-2,1,-2,N,3,Gore. Deals an extra die of damage if it hits the same target with both tusks.,,,,,,,,,
Brain Eater,7,CR,"Purple, gaunt humanoids with squidlike heads and four face tentacles.",14,36,"4 tentacle +5 (1d8 + latch) or 1 mind
blast or 1 mind control",near,2,3,0,4,2,4,C,8,Hear Thoughts. Can hear the surface thoughts of all intelligent creatures within near. ,"Latch. Tentacles attach to hit targets, automatically hitting the next round (DC 12 STR to remove 1d4 tentacles). If all four remain latched onto the same humanoid target for 1 round, the target's brain is ripped out and devoured.",Mind Blast. Fills a near-sized cube extending from brain eater. DC 15 INT or 3d6 damage and paralyzed 1d4 rounds.,Mind Control. One target in near DC 15 CHA or brain eater controls for 1d4 rounds.,,,,,,
Bugbear,1,CR,"Brutish, bat-eared goblinoids covered in brown fur.",13,14,2 spiked mace +3 (1d6),near,3,0,1,-1,0,-2,C,3,Stealthy. ADV on checks to sneak and hide.,,,,,,,,,
Bulette,5,CR,"A hulking, shark-sized lizard with a steely, arrow-shaped carapace and a massive gullet.",17,40,3 bite +5 (2d6) or 1 leap,near (burrow),5,1,4,-3,1,-2,N,8,"Leap. Jump up to near in height and double near in distance, then make 2 bite attacks.",,,,,,,,,
Camel,  1/8  ,CR,"Ornery, tan-furred desert beasts.",10,12,1 hoof +3 (1d6) or 1 spit,double near,3,0,3,-2,1,-3,N,2,,,,,,,,,,
Cave Brute,,CR,"A hulking, insectoid beast with
long mandibles, four eyes, and
thick arms covered in bristles.",14,28,2 claw +5 (1d8) and 1 mandible +5 (1d10),near (burrow),4,1,1,-3,1,-3,N,6,"Bewilder. Creatures within near that see the cave brute's eyes, DC 12 CHA at start of their turn or dazed and no action.",,,,,,,,,
Cave Creeper,,CR,"Chittering, green centipedes the
size of horses. Their grasping
tentacles are coated in a
paralytic venom.",12,18,1 bite +3 (1d6) and 1 tentacles +3 (1d8 + toxin),near (climb),2,2,0,-3,1,-3,N,4,Toxin. DC 12 CON or paralyzed 1d4 rounds.,,,,,,,,,
Centaur,2,CR,"Herd-dwelling beings with the
upper body of a human and
lower body of a horse.",12 (leather),14,2 spear (close/near) +2 (1d6) or 1 longbow (far) +1 (1d8),double near,2,1,1,0,2,1,N,3,,,,,,,,,,
"Centipede, Giant",  1/4  ,CR,"Blood-red, feathery centipedes the size of a human arm. Their bite injects a burning poison that cramps muscles.",11,4,1 bite +1 (1d4 + poison),near (climb),-3,1,0,-4,-3,-4,N,1,Poison. DC 12 CON or paralyzed 1d4 rounds.,,,,,,,,,
"Centipede, Swarm",,CR,"A crawling mass of weaving, sinuous centipedes.",11,18,3 bite +1 (1d4 + poison),near (climb),-3,1,0,-4,-3,-4,N,4,Poison. DC 12 CON or paralyzed 1d4 rounds.,,,,,,,,,
Chimera,6,CR,"A monstrous beast with a half-goat, half-lion body, wide dragon wings, and the heads of a goat, lion, and dragon.",16,49,4 rend +7 (2d8) and 1 fire breath,double near (fly),5,4,4,-3,2,-1,C,10,Fire Breath. Fills a near-sized cube extending from chimera. DC 15 DEX or 4d6 damage.,,,,,,,,,
Chuul,4,CR,"Brown, horse-sized lobster bugs with tentacles and pincers.",15,25,2 pincer +4 (1d8 + grab),near (swim),3,-1,3,-1,1,-2,C,5,Grab. DC 15 STR or held in pincer. DC 15 STR to break free on turn.,,,,,,,,,
Cloaker,8,CR,"A midnight blue manta ray with a bony tail and crescent-shaped maw above its belly. It swoops through deep, lightless caverns.",13,28,3 lash +4 (1d8) or 1 screech,near (fly),2,3,1,1,1,0,C,6,"Phantoms. 1/day, in place of attacks. Create 3 illusory duplicates that disappear when hit. Determine randomly if an attack hits cloaker or illusions.",Screech. Enemies within double near DC 15 WIS or DISADV on attacks and checks 1d4 rounds.,,,,,,,,
Cockatrice,  1/2  ,CR,"A molting, lizard-chicken hybrid with a crimson, razorlike crest.",11,14,1 bite +1 (1d4 + petrify),near (fly),-2,1,1,-3,1,-3,N,3,Petrify. DC 12 CON or petrified.,,,,,,,,,
Couatl,4,CR,A human-sized snake with scales made of jewels and a corona of iridescent feathers.,16,42,3 bite +6 (2d6 + poison),near (fly),2,3,2,4,4,5,L,9,"Change Shape. In place of attacks, transform into any similarly-sized creature.","Poison. DC 15 CON or fall into natural, deep sleep for 1d8 hours.","Restore. In place of attacks, touch one creature to remove a curse, affliction, or heal 3d8 HP.",,,,,,,
"Crab, Giant",,CR,"A wagon-sized, armored crab with two crushing pincers.",15,24,2 pincer +4 (1d8 + crush),near (swim),3,0,2,-3,0,-3,N,5,Crush. DC 15 STR or target takes 1d8 damage.,,,,,,,,,
Crocodile,  1/2  ,CR,"Fat, scaly reptiles with stumpy legs and long, thrashing tails.",14,20,2 bite +3 (1d8),near (swim),3,1,2,-2,1,-2,N,4,,,,,,,,,,
Cultist,  1/8  ,CR,"A cloaked, wild-eyed zealot chanting the guttural prayers of a dark god.",14 (chainmail + shield),9,1 longsword +1 (1d8) or 1 spell +2,near,1,-1,0,-1,2,0,C,2,Fearless. Immune to morale checks.,Deathtouch (WIS Spell). DC 12. 2d4 damage to one creature within close.,,,,,,,,
Cyclops,6,CR,"Reclusive, one-eyed giants towering 20' high. They live simply on remote farmlands.",11 (leather),38,2 greatclub +7 (2d8) or 1 rock (far) +5 (1d12),double near,5,0,2,-1,-2,0,C,8,,,,,,,,,,
Darkmantle,  1/2  ,CR,"A floating, black octopus with rows of red eyes and a webbed skirt of tentacles.",13,4,1 bite +3 (1d4) or 1 darkness,near (fly),-2,3,0,-3,0,-3,N,1,Darkness. Extinguish all light sources in near.,,,,,,,,,
Deep One,,CR,"Cultish, amphibious fish-people with bulbous eyes. They lurk in deep water and sunless caverns.",13,10,2 spear (close/near) +2 (1d6),near (swim),2,1,1,-2,0,-2,C,2,Sunblind. Blinded in bright light.,,,,,,,,,
"Demon, Balor",19,CR,"Colossal, horned bat-beasts wreathed in the flames of hell itself. Their mighty swords and cracking whips of fire can slice through stone.",19,77,"3 greatsword +10 (2d12 + hellfire) and 1 fire
whip (near) +10 (2d6 + grab),",double near (fly),6,2,5,4,3,4,C,16,Impervious. Fire immune. Only damaged by magical sources.,"Grab. DC 18 STR or target bound in whip. 2d6 damage per round held, DC 18 STR to break free on turn. In place of fire whip attack, balor can fling a grabbed target double near on its turn.",Hellfire. DC 18 DEX or 2d8 damage per round until flames extinguished.,,,,,,,
"Demon, Dretch",  1/4  ,CR,"Green, pig-faced demons with thick claws and an oily stench.",12,11,1 claw +2 (1d6),near,2,0,2,-2,-1,-3,C,2,Gas. All in near DC 12 CON or blinded for 1d4 rounds.,,,,,,,,,
"Demon, Glabrezu",9,CR,"Horse-headed, fanged creatures
who walk upright and have four
arms; two shriveled, and two
ending in hulking pincers. ",15,40,2 pincer +7 (2d8 + crush),near,4,1,4,3,2,2,C,8,"Crush. DC 15 STR or target takes
2d8 damage.",,,,,,,,,
"Demon, Marilith",16,CR,"Hissing, armored women with six limbs and the lower bodies of giant snakes. Six whirling blades flash in their hands.",17,44,6 longsword +7 (1d8),near (climb),5,4,3,3,3,4,C,9,Parry. Trade 2 longsword attacks next round to deflect a melee attack that would hit.,,,,,,,,,
"Demon, Vrock",6,CR,"Wagon-sized, filthy vultures with four limbs, midnight-blue skin, and a rash of mangy feathers.",14,24,2 talons +4 (1d8),near (fly),2,2,2,-1,1,0,C,5,"Carrion Mist. Each time vrock hit, 3:6 chance of carrion mist in near-sized cube centered on vrock. All enemies DC 15 CON or violent vomiting 1d4 rounds.",Screech. All enemies in double near DC 12 WIS or DISADV on checks and attacks for 1d4 rounds.,,,,,,,,
"Devil, Archdevil",25,CR,"A stunningly beautiful, horned human with burning, red eyes and a halo of seven black stars. Two stitched-up gashes weep blood from its shoulder blades.",19,76,4 iron scepter +10 (3d10) or 1 soulbind,far (teleport),5,4,4,5,4,7,C,16,Impervious. Fire immune. Only damaged by magical sources.,Crown of Darkness. All hostile spells are reflected at caster with a spellcasting check less than 20.,Soulbind. All targets within near DC 20 CHA or fall under control of archdevil for 1d4 rounds. DC 20 CHA each turn to end the effect.,,,,,,,
"Devil, Barbed",5,CR,"Lanky, green-mottled fiends bristling with hooked spines.",13,14,2 spine (near) +3 (1d6 + barb) or 1 fire blast (far) +3 (1d8),near,2,3,1,1,1,1,C,3,"Barb. Each spine sticks, dealing 1d4 damage each round. DC 12 STR check on turn to remove.",,,,,,,,,
"Devil, Cubi",,CR,Entrancing humanoids with bat wings and devilish charm.,14,29,1 kiss +4 (1d6 + drain) or 1 charm,near (fly),2,4,2,3,2,5,C,6,"Change Shape. In place of attacks, transform into any similarly-sized humanoid.",Charm. One humanoid in near DC 15 CHA or bewitched by cubi for 1d6 hours.,Drain. The target takes 1d6 temporary WIS damage. A target reduced to 0 WIS this way swears its soul to an archdevil.,,,,,,,
"Devil, Erinyes",12,CR,"Raven-winged, resplendent beings in polished, black armor and helms with curved horns.",17 (+1 plate mail),43,3 greatsword +8 (1d12) or 2 longbow (far) +8 (1d8 + poison),double near (fly),4,4,3,4,4,5,C,9,Poison. DC 15 CON or target's eyes go jet black and it turns on its allies for 1d4 rounds. DC 15 WIS on turn to end effect.,,,,,,,,,
"Devil, Horned",11,CR,"Iron-scaled hellions as big as ogres with weighty ram horns, lashing tails, and leathery wings. They are opportunistic and craven in battle.",16,35,2 burning trident (near) +7 (2d6) or 1 fire blast (far) +4 (2d8),double near (fly),5,2,4,2,1,2,C,7,Iron Hide. Half damage from non-magical weapons.,,,,,,,,,
"Devil, Imp",1,CR,"Cat-sized, red devils with oversized wings and tail, tiny horns, and cowardly demeanors.",13,9,1 stinger +3 (1d4 + poison),near (fly),-2,3,0,1,0,2,C,2,Impervious. Fire immune.,Contract. Can grant mighty boons and patronage on behalf of an archdevil in exchange for a sworn soul. ADV on related Charisma checks.,Poison. DC 12 CON or fitful sleep for 1d4 hours.,,,,,,,
"Dinosaur, Brachiosaurus",5,CR,"Colossal, long-necked tree grazers. Slow and peaceful.",13,57,3 stomp +7 (2d10),double near,6,-1,3,-3,1,-3,N,12,,,,,,,,,,
"Dinosaur, Plesiosaurus",2,CR,"Aquatic reptiles as big as elephants. Flat flippers and narrow, toothy maws on long necks.",13,30,2 bite +5 (2d8),double near (swim),4,3,3,-3,1,-3,N,6,,,,,,,,,,
"Dinosaur, Pterodactyl",,CR,"Long-beaked beasts with wide, triangular wings. Large enough to carry off a human.",14,20,2 beak +4 (1d8 + grab),double near (fly),2,4,2,-2,1,-3,N,4,Grab. DC 15 STR or held. DC 15 STR on turn to break free.,,,,,,,,,
"Dinosaur, Triceratops",5,CR,"Plodding herbivores with a wide, bony skull frill and three horns.",17,35,2 horns +6 (1d10) or 1 charge,near,4,-1,4,-3,1,-3,N,7,"Charge. Move up to double near in straight line and make 1 horn attack. If hit, x3 damage.",,,,,,,,,
"Dinosaur, Tyrannosaurus",8,CR,"Towering, bipedal lizards with a massive head, jaws, and neck.",13,44,3 bite +8 (2d12),double near,5,1,4,-3,1,-3,N,9,,,,,,,,,,
"Dinosaur, Velociraptor",  1/4  ,CR,"Fast, turkey-sized raptors with vicious toe claws. Pack hunters.",13,10,1 claw +3 (1d6),double near,-1,3,1,-2,1,-3,N,2,Clever. +1d4 damage when attacking with surprise.,,,,,,,,,
Djinni,11,CR,"Azure-blue, jovial humanoids made of air and wind",14,48,3 scimitar +7 (1d12) or 1 whirlwind,double near (fly),4,4,3,4,3,3,N,10,Impervious. Only damaged by magical sources.,Whirlwind. Transform into a lashing tornado. All enemies within near DC 18 DEX or thrown 2d100 feet in a random direction.,Wish. Cast wish once per week for a mortal without making a spellcasting check.,,,,,,,
Doppelganger,3,CR,"Gray, featureless humanoids sowing chaos",12,20,1 dagger (close/near) +2 (1d4),near,1,2,2,1,0,4,C,4,"Change Shape. In place of attacks, transform into any similarly-sized humanoid.",Telepathy. Can secretly hear the surface thoughts of all humanoids within near,,,,,,,,
"Dragon, Desert",16,CR,The smell of ozone precedes this desert-dwelling dragon. Its dazzling scales of brass and lapis lazuli shimmer in the baking heat.,17,61,3 rend +9 (2d10) or 1 lightning breath,double near (fly),5,3,3,4,5,5,L,13,Stormblood. Electricity immune.,Lightning Breath. A straight line (5' wide) extending double near from dragon. DC 15 DEX or 4d8 damage (DISADV on check if wearing metal armor).,"Mirage. 1/day, in place of attacks. Create 3 illusory duplicates that disappear when hit. Determine randomly if an attack hits dragon or illusions.",,,,,,,
"Dragon, Fire",17,CR,"Blood-red scales cover the hide of this mighty, volcanic wyrm. Leaping flames glow at the back of its throat.",18,80,4 rend +11 (2d12) or 1 fire breath,double near (fly),6,5,4,4,4,5,C,17,Fireblood. Fire immune.,Fire Breath. Fills a double near-sized cube extending from dragon. DC 15 DEX or 6d10 damage.,,,,,,,,
"Dragon, Forest",,CR,The smell of wet loam follows this dragon. Its jade scales bristle with barbed thorns.,16,58,3 rend +8 (2d8) or 1 poison breath,double near (fly),4,3,4,3,3,4,N,12,"Animate Plants. 1/day, in place of attacks. Vines grab at all enemies within double near of dragon. DC 15 DEX or unable to move 1d4 rounds.",Poison Breath. Fills a near-sized cube extending from dragon. DC 15 CON or 3d8 damage.,,,,,,,,
"Dragon, Frost",,CR,"Prismatic ice lines the horns, spines, and wings of this pearly dragon. Clouds of steam hiss from its ice-rimed jaws.",17,68,4 rend +9 (2d10) or 1 ice breath,double near (fly),4,3,5,3,4,3,N,14,Frostblood. Cold immune.,Ice Breath. Fills a double near-sized cube extending from dragon. DC 15 DEX or 4d8 damage and frozen for 1 round.,,,,,,,,
"Dragon, Sea",16,CR,"A warm sea breeze blows around this amphibious, gold-scaled wyrm. A beard of tendrils covers its snout, and a blue mane billows along its neck.",17,76,4 rend +10 (2d10) or 1 steam breath or 1 water spout,"double near (fly, swim)",5,6,4,4,5,5,L,16,Steam Breath. Fills a double near-sized cube extending from dragon. DC 15 DEX or 4d12 damage.,Water Spout. Fills a near-sized cube within far. DC 15 STR or creatures inside flung 2d100 feet in a random direction.,,,,,,,,
"Dragon, Swamp",,CR,"This black, wingless beast slithers through dank swamps.",16,58,3 rend +8 (2d10) or 1 smog breath,"double near (burrow, swim)",5,3,4,4,3,3,C,12,Smog Breath. Fills a near-sized cube extending from dragon. DC 15 CON or 2d10 damage and blinded for 1 round.,,,,,,,,,
Drow,  1/4  ,CR,"A graceful, shadowy elf that pounces like a spider.",16,9,1 poison dart (near) +3 (1d4 + poison) or 1 longsword +1 (1d8),near,0,3,0,1,1,1,C,2,Poison. DC 15 CON or sleep.,Sunblind. Blinded in bright light.,,,,,,,,
"Drow, Drider",6,CR,A monstrosity with the body of a giant spider and torso of a drow.,16,29,3 longsword +3 (1d8) or 2 longbow (far) +3 (1d8 + poison),near (climb),3,3,2,2,2,0,C,6,Poison. DC 15 CON or paralyzed 1d4 rounds.,Sunblind. Blinded in bright light.,,,,,,,,
"Drow, Priestess",8,CR,A statuesque female drow with a crown of metal spider webs and an imperious gaze.,16,28,3 snake whip (near) +4 (1d8 + poison) or 1 spell +4,near,2,3,1,3,4,3,C,6,Poison. DC 15 CON or paralyzed 1d4 rounds.,Sunblind. Blinded in bright light.,"Snuff (WIS Spell). DC 12. Extinguish all light sources (even
magical) within near. ","Summon Spiders (WIS Spell).
DC 14. Summon 2d4 loyal giant
spiders that appear within near.
They stay for 5 rounds. ",Web (WIS Spell). DC 13. A nearsized cube of webs within far immobilizes all inside it for 5 rounds. DC 15 STR on turn to break free.,,,,,
Druid,2,CR,A wizard of the wilds holding a knotted staff and wearing a mossy cloak of deep viridian.,11,31,1 staff +0 (1d4) or 2 spell +5,near,0,1,0,4,3,0,N,7,Barkskin (INT Spell). Self. DC 13. AC becomes 15 for 5 rounds.,Conjure Flames (INT Spell). DC 12. One target in far takes 2d6 damage.,Imbue (INT Spell). Self. DC 13. Staff becomes a +3 magic weapon for 10 rounds.,Summon Bear (INT Spell). DC 14. Summon a loyal brown bear that appears within near. It stays for 5 rounds.,Thunderclap (INT Spell). DC 13. Fills a near-sized cube extending from druid. Creatures within are thrown 2d20 feet in a random direction.,,,,,
Dryad,1,CR,"A coy, emerald-skinned fey covered in leaves. It bonds with and protects a tree.",13,19,1 staff -1 (1d4) or 1 charm,near,-1,2,1,1,3,4,N,4,"Charm. Near, one creature, DC 14 CHA or friendship for 1d8 days.",Meld. Step inside bonded tree.,,,,,,,,
Duergar,1,CR,"Gray-skinned, greedy dwarves with bald pates and white beards. They dwell in somber castles deep within the earth filled with stolen treasures and enslaved prisoners.",15 (chainmail + shield),12,1 war pick +2 (1d6),near,2,0,3,0,-1,-1,C,2,"Enlarge. 1/day, +1d6 damage on melee attacks and ADV on STR checks for 3 rounds.","Invisibility. 1/day, turn invisible for 3 rounds. Ends if duergar attacks.",Sunblind. Blinded in bright light.,,,,,,,
"Dung Beetle, Giant",,CR,"A trundling, barrel-sized beetle with a T-shaped horn.",13,10,1 horn +1 (1d4 + knock),near,1,-1,1,-3,-1,-3,N,2,Knock. DC 9 STR or pushed a close distance and fall down.,,,,,,,,,
Efreeti,17,CR,"Blood-red, towering humanoids formed of lava and ash. Short, black horns and snarling grins.",15,43,3 scimitar +8 (2d10) or 2 fire bolt +5 (2d6),near (fly),5,2,3,3,2,3,C,9,Impervious. Only damaged by magical sources. Fire immune.,"Wall of Flame. 1/day, 20' high curtain of fire, double near length. Touching it deals 4d8 damage. Lasts 2d4 rounds.","Wish. Cast wish once a week for a mortal, no spellcasting check.",,,,,,,
"Elemental, Air",5,CR,A howling tornado of wind.,16,*,3 slam +7 (*d6) or 1 whirlwind,double near (fly),3,5,2,-2,1,-2,N,*,Impervious. Only damaged by magical sources.,Whirlwind. All within close DC 15 DEX or flung 2d20 feet in random direction.,,,,,,,,
"Elemental, Earth",5,CR,A thundering pillar of earth.,17,*,3 slam +7 (*d8) or 1 avalanche,near (burrow),5,0,4,-2,1,-2,N,*,Impervious. Only damaged by magical sources.,Avalanche. All within close DC 15 STR or entombed for 1d4 rounds under mounds of earth.,,,,,,,,
"Elemental, Fire",5,CR,A roaring column of flames.,15,*,3 slam +6 (*d10) or 1 inferno,near (fly),4,3,3,-2,1,-2,N,*,Impervious. Only damaged by magical sources. Fire immune.,Inferno. All within near DC 15 DEX or 3d8 damage.,,,,,,,,
"Elemental, Water",5,CR,A crashing vortex of water.,15,*,3 slam +6 (*d6) or 1 whirlpool,double near (swim),4,2,2,-2,1,-2,N,*,Impervious. Only damaged by magical sources.,Whirlpool. All within close DC 15 STR or immobilized inside water elemental (treat as underwater). DC 15 STR to escape on turn.,,,,,,,,
Elephant,4,CR,"Mighty mammals with tough hide, flappy ears, and a trunk.",14,34,2 tusks +6 (1d8),near,5,0,3,-2,1,0,N,7,"Charge. Move up to double near in straight line and make 1 tusks attack. If hit, x3 damage.",,,,,,,,,
Elf,,CR,"Ethereal, ageless fey-people infused with ancient magic.",13,9,1 longbow (far) +3 (1d8) or 1 longsword +1 (1d8),near,0,3,0,1,1,1,L,2,Feyblood. ADV on DEX checks while in the natural wilds.,,,,,,,,,
Ettercap,2,CR,"Bipedal, eight-eyed spiderfolk with spindly legs and purple fur.",12,14,2 bite +2 (1d6) or 1 poison web (near) +2,near (climb),0,2,1,0,0,-1,C,3,Poison Web. One target stuck in place and 1d4 damage/round. DC 12 DEX to escape on turn.,,,,,,,,,
Fairy,,CR,Miniature fey folk with fluttering moth or butterfly wings.,13,4,1 needle +3 (1 + poison),near (fly),-2,3,0,1,0,1,N,1,Poison. DC 12 CON or fall into deep sleep for 1d4 hours.,,,,,,,,,
"Frog, Giant",  1/4  ,CR,"Human-sized frogs with warty skin and long, sticky tongues.",12,10,1 tongue and 1 bite +2 (1d6),near (swim),2,2,1,-3,0,-3,N,2,Tongue. 1 creature in near DC 12 DEX or pulled to close range.,,,,,,,,,
Gargoyle,2,CR,"Leering, winged fiends that look like stone statues. They can hold perfectly still for long stretches of time.",16,20,2 claw +3 (1d6),near (fly),3,1,2,0,1,-1,C,4,Impervious. Only damaged by magical sources.,,,,,,,,,
Gelatinous Cube,2,CR,A translucent cube of slime that silently mows through tunnels.,11,24,1 touch +4 (1d8 + toxin + engulf),"near S +3, D +1",2,-4,1,-4,1,-4,N,5,Engulf. DC 12 STR or trapped inside cube. Touch attack autohits engulfed targets each round. DC 12 STR on turn to escape. Fail checks if paralyzed.,Rubbery. Half damage from stabbing weapons.,Toxin. DC 15 CON or paralyzed 1d4 rounds.,,,,,,,
Ghast,2,CR,Greater ghouls who retain the intelligence they had in life.,11,20,2 claw +4 (1d8 + paralyze),near,3,1,2,0,0,2,C,4,Undead. Immune to morale checks.,Carrion Stench. Living creatures DC 12 CON the first time within near or DISADV on attacks and spellcasting for 5 rounds.,Paralyze. DC 12 CON or paralyzed 1d4 rounds.,,,,,,,
Ghost,4,CR,A wavering spirit with a face contorted in rage or sadness.,13,27,2 death touch +5 (1d8 + life drain) or 1 possess,near (fly),-2,3,0,0,0,4,C,6,Greater Undead. Immune to morale checks. Only damaged by silver or magical sources.,Life Drain. 1d4 CON damage. Death if reduced to 0 CON.,"Possess. One target, close range. Contested Charisma check. If ghost wins, it inhabits the target's body and controls its actions for 2d4 rounds.",,,,,,,
Ghoul,1,CR,"Gray-skinned, slavering undead with whipping tongues and flat, reptilian faces.",11,11,1 claw +2 (1d6 + paralyze),near,2,1,2,-3,-1,0,C,2,Undead. Immune to morale checks.,Paralyze. DC 12 CON or paralyzed 1d4 rounds.,,,,,,,,
"Giant, Cloud",9,CR,"Pale, angular giants with blue-gray hair, light eyes, and silk robes. They do not allow outsiders into their enclaves.",15,48,3 morningstar +9 (2d10),double near,5,4,3,3,3,3,N,10,Alert. ADV on checks to detect sneaking or hiding creatures.,,,,,,,,,
"Giant, Fire",9,CR,"Bulky, muscled giants with coppery skin and red hair. Heavily armored in iron plate mail studded with bronze rivets.",15,44,3 greatsword +9 (2d12),double near,6,0,4,1,2,1,C,9,Fireblood. Fire immune.,,,,,,,,,
"Giant, Frost",8,CR,Blue-skinned warriors with broad shoulders and braided hair. They sound war horns during their frequent raids.,14,44,3 greataxe +8 (2d10),double near,5,1,4,2,3,2,C,9,Frostblood. Cold immune.,,,,,,,,,
"Giant, Goat",,CR,"Highland-dwelling, barbaric giants with goatlike legs, horns, and horizontal pupils.",12,39,2 greatclub +7 (2d8),double near (climb),4,1,3,-2,0,-2,C,8,,,,,,,,,,
"Giant, Hill",5,CR,"Fleshy hulks with leathery skin and broad, sloping foreheads. Cruel, boorish, and dim-witted.",11,34,2 greatclub +6 (2d8) or 1 boulder (far) +6 (2d10),double near,4,0,3,-2,-2,-2,C,7,,,,,,,,,,
"Giant, Stone",7,CR,"Lean, sinewy giants with stony skin and deep-set eyes. They are quiet and poised, often sitting motionless.",17,40,2 greatclub +7 (2d8),double near,4,2,4,1,1,-1,N,8,Stone Hide. Half damage from stabbing and cutting weapons.,,,,,,,,,
"Giant, Storm",,CR,"Regal titans with sea-green skin, flowing white hair, and thundering voices. They breathe water as easily as air.",15,58,3 greatsword +10 (2d12) or 1 lightning bolt,double near (swim),6,2,4,3,4,4,L,12,Stormblood. Electricity immune.,"Lightning Bolt. 3/day, 5' wide line extending far from giant. All creatures in line DC 15 DEX or 5d10 damage. DISADV on check if in water.",,,,,,,,
Gibbering Mouther,2,CR,"Crawling masses of slime with dozens of screeching, lipless mouths and wet eyeballs.",8,21,2 bite +3 (1d8 + latch),"near (climb, swim)",2,-2,3,-3,0,-3,N,4,"Gibbering. Creatures within near DC 12 WIS on turn or take a random action (d8): 1-3. do nothing, 4-5. move in random direction, 6-7. attack nearest creature, 8. flee.",Latch. Attach to bitten target; bites auto-hit next round. DC 12 STR on turn to tear off.,,,,,,,,
Gladiator,5,CR,Veteran warriors seasoned in arena fights to the death.,16 (chainmail + shield),15,2 longsword +3 (1d8) or 1 spear (close/near) +3 (1d6),near (burrow),2,1,2,0,0,1,N,3,,,,,,,,,,
Gnoll,  1/2  ,CR,"Barbaric, opportunistic hyenafolk who range in large packs.",12 (leather),10,1 spear (close/near) +1 (1d6) or 1 longbow (far) +1 (1d8),near,1,1,1,-1,0,-1,C,2,"Rage. 1/day, immune to morale checks, +1d4 damage (3 rounds).",,,,,,,,,
"Gnome, Deep",  1/2  ,CR,"Gray-skinned, white-haired fey the size of halflings. They hunt for gems and rare cave flora.",14 (leather + shield),14,1 pick +3 (1d6) or 1 dart (near) +2 (1d4),near,2,1,1,1,1,1,L,3,"Stone Meld. 2/day, underground only. Turn invisible for 3 rounds.",,,,,,,,,
Goblin,  1/4  ,CR,"A short, hairless humanoid with green skin and pointy ears.",11,5,1 club +0 (1d4) or 1 shortbow (far) +1 (1d4),near,0,1,1,-1,-1,-2,C,1,Keen Senses: Can't be surprised.,,,,,,,,,
"Goblin, Boss",1,CR,A scarred goblin with knotted muscles and a crown of iron.,14,20,1 spear (close/near) +3 (1d6),near,2,1,2,-1,0,1,C,4,Keen Senses: Can't be surprised.,,,,,,,,,
"Goblin, Shaman",2,CR,"A swaying, chanting goblin wearing necklaces of teeth and a",12,19,1 staff +0 (1d4) or 1 spell +3,near,0,1,1,0,2,1,C,4,Keen Senses: Can't be surprised.,"Bug Brain (WIS Spell). DC 13. Near range, one target. Target's INT drops to 1 for 1d4 rounds.",Skitter (WIS Spell). DC 12. Self. Climb like a spider for 5 rounds.,Stink Bomb (WIS Spell). DC 12. One target within far range takes 2d4 damage and must make a DC 12 CON save or have DISADV on their next check/attack.,,,,,,
"Golem, Clay",9,CR,"A towering, faceless humanoid shaped from glistening clay",14,40,3 slam +6 (1d8),near,4,0,4,-2,0,-2,N,8,"Golem. Immune to damage from fire, cold, electricity, or non-magical sources. Healed by acid.",Curse. Slam damage can only be healed by level 5+ priest.,,,,,,,,
"Golem, Flesh",5,CR,A ghastly monstrosity made of sewn-together corpses.,9,35,3 slam +6 (1d8),near,4,-1,4,-1,1,-3,N,7,"Golem. Immune to damage from fire, cold, or non-magical sources. Healed by electricity.","Berserk. When at or below 20 HP, +1 slam attack and slams deal double damage.",,,,,,,,
"Golem, Iron",16,CR,A bulky iron suit that squeals and sparks with each step,19,49,3 slam +8 (2d8),near,5,-1,4,-2,0,-2,N,10,Golem. Immune to damage from cold or non-magical sources. Healed by fire.,"Poison Breath. All within near, DC 15 CON or 8d6 damage.",,,,,,,,
"Golem, Stone",10,CR,"A wide-limbed, lumbering statue that shakes the ground.",18,40,3 slam +6 (1d10),near,4,-1,4,-2,0,-2,N,8,"Golem. Immune to damage from fire, cold, electricity, or non-magical sources.","Slow. Far range, one target. DC 15 CON or speed halved 1d4 rds.",,,,,,,,
Gorgon,5,CR,A snorting bull made entirely of iron plating. A cloud of green fog billows from its nostrils.,18,33,2 gore +6 (2d8) or 1 charge or 1 petrify fog,double near,4,0,2,-3,1,-3,C,7,"Charge. Move up to double near in straight line and make 1 gore attack. If hit, x3 damage.",Petrifying Breath. Fills a near-sized cube extending from gorgon. DC 15 CON or petrified (gorgons immune).,,,,,,,,
Gorilla,,CR,"Mighty, jungle-dwelling apes.",12,20,2 rend +5 (2d6),near (climb),4,2,2,-1,1,-1,N,4,,,,,,,,,,
Gray Ooze,  1/2  ,CR,Slick puddles the color of stone.,11,9,1 tentacle +2 (1d6),near (climb),1,1,0,-4,-3,-4,N,2,"Impervious. Immune to damage from acid, cold, or fire.",Corrosive. Nonmagical metal that touches the ooze dissolves on a d6 roll of 1-3.,,,,,,,,
Grick,2,CR,A huge worm with four suckered tentacles and a snapping beak.,14,19,1 beak +3 (1d8) and 1 tentacle +3 (1d6 + grab),near (climb),3,2,1,-3,1,-3,N,4,Camouflage. Hard to see in cave terrain or rocks.,Grab. Target is immobilized. DC 15 Strength check on turn to break free.,,,,,,,,
Griffon,2,CR,Winged hunters with the head of an eagle and body of a lion. Their favored food is horses.,12,19,2 rend +4 (1d10),double near (fly),4,2,1,-3,1,-1,N,4,,,,,,,,,,
Grimlow,,CR,"A tall, oval-shaped mammal. A giant, half-moon maw hides on its belly beneath its gray fur.",12,43,1 grab and 3 bite +6 (2d8),near,4,2,3,-3,1,-2,N,9,Grab. One target in near DC 15 STR or wrapped in grimlow's tongue and pulled into its mouth. Bite attacks automatically hit the target. Can only grab 1 target at a time. DC 15 STR on turn to break free.,,,,,,,,,
Guard,  1/8  ,CR,A sentry equipped with sturdy weapons and armor.,15,4,1 spear +1 (1d6),near,1,0,0,0,1,0,L,1,,,,,,,,,,
"Hag, Night",5,CR,"A purple-skinned, stooped woman with stringy, white hair and a mouth full of iron teeth.",14,37,2 bite +6 (1d10) and 1 blind,near,4,2,1,2,3,3,C,8,Blind. One target within near DC 15 CHA or blinded for 1d4 days.,Shapechange. Instantly change to look like any other humanoid.,,,,,,,,
"Hag, Sea",2,CR,"A green, sunken-faced woman. Seaweed hair and oozing flesh.",15,28,2 claw +4 (1d8),near (swim),2,3,1,1,2,2,C,6,Shapechange. Instantly change to look like any other humanoid.,Terrify. A creature who first sees her true form DC 15 CHA or DISADV on attacks 1d4 rounds.,,,,,,,,
"Hag, Weald",3,CR,"Eyes dark as moonless nights, skin made of rotting wood, hair of tangled roots and vines.",14,28,2 claw +4 (1d8) or 1 drink pain,near,3,2,1,1,2,3,C,6,Drink Pain. Near range. DC 12 CHA to deal 2d4 damage to a creature; regain that many HP.,Shapechange. Instantly change to look like any other humanoid.,,,,,,,,
Harpy,1,CR,"Horrific, winged women with vulture-like lower bodies. They keen a hypnotic song.",13,14,2 claw +3 (1d6) or 1 song,near (fly),1,3,1,0,0,1,C,3,Song. Enemies who can hear within double near DC 12 CHA or dazed and drawn to harpy for 1d4 rounds. Immune for 1 day if passed check.,,,,,,,,,
Hell Hound,3,CR,Black wolfhounds with red eyes and jaws dripping with flames.,13,19,2 bite +4 (1d8) or 1 fire breath,double near,2,1,1,-2,1,-3,C,4,Impervious. Fire immune. ,Fire Breath. Fills a near-sized cube extending from hell hound. DC 15 DEX or 3d8 damage. Cannot use again for 1d4 rounds.,,,,,,,,
Hippogriff,1,CR,"Fierce, winged creatures with the lower body of a horse and upper body of a giant eagle.",13,14,2 rend +3 (1d8),double near (fly),3,3,1,-3,1,-2,N,3,,,,,,,,,,
Hippopotamus,,CR,"Ornery river-beasts as large as cows with round, purple bodies and bulbous snouts.",12,24,2 bite +4 (1d10),near (swim),4,0,2,-3,0,-3,N,5,Stumpy. ADV on STR checks to grab or drag other creatures.,,,,,,,,,
Hobgoblin,  1/2  ,CR,"A sturdy, tall goblin with russet skin. Militant and strategic.",15,10,1 longsword +3 (1d8) or 1 longbow (far) +0 (1d8),near,3,0,1,2,1,1,C,2,Phalanx. +1 to attacks and AC when in close range of an allied hobgoblin.,,,,,,,,,
Horse,  1/4  ,CR,"Powerful, swift herd animals that roam open plains.",11,11,1 hooves +3 (1d6),double near,3,1,2,-3,1,-2,N,2,,,,,,,,,,
Hydra,8,CR,"A towering, amphibious reptile with a bouquet of snake heads writhing on long necks.",15,*,1 bite (near) +6 (1d8),near (swim),5,1,2,-2,1,-2,N,*,"Heads. Choose how many heads the hydra has. Each is LV 2, AC 15, and can make 1 bite attack. A killed head sprouts into two new heads at the start of the hydra's turn unless cauterized beforehand. Treat the hydra's LV as all the heads combined.",,,,,,,,,
Invisible Stalker,6,CR,Intelligent creatures made of flowing air. Often bound to the bidding of evil sorcerers.,13,29,3 pummel +4 (1d6),near (fly),2,3,2,2,1,0,N,6,"Bound. A secret, mundane contingency (such as the touch of a feather) ends the invisible stalker's magical servitude.",Invisible. Naturally invisible.,Tracking. Can always sense the direction of its chosen quarry.,,,,,,,
Jellyfish,,CR,"Hand-sized, purple sea jellies with stinging tentacles.",11,1,1 sting +1 (1 + toxin),close (swim),-4,1,0,-4,1,-4,N,0,Toxin. DC 9 CON or paralyzed 1d4 rounds.,,,,,,,,,
Knight,3,CR,A warrior in shining plate mail and the surcoat of a knightly order.,17,14,2 bastard sword +3 (1d8),near,3,0,1,0,0,1,L,3,"Oath. 3/day, ADV on a roll made in service of knight's order.",,,,,,,,,
Kobold,  1/8  ,CR,"Puny, scaled coyote-lizards that dwell underground.",13,1,1 spear (close/near) +0 (1d6),near,-2,2,0,-1,0,-1,C,0,"Dodge. 1/day, an attack that would hit misses instead.",,,,,,,,,
"Kobold, Sorcerer",2,CR,A scaly dog-lizard painted with colorful stripes and rattling a hefty leg bone strung with beads and feathers.,13,13,1 club +1 (1d4) or 1 spell +2,near,-2,2,0,-1,1,2,C,3,"Dodge. 1/day, an attack that would hit misses instead.","Scorpion Sting (CHA Spell). DC 11. Near range, one target. 1d6 damage and target has DISADV on next attack roll or check.",Spider Swarm (CHA Spell). DC 12. A spider swarm appears within near. Stays 1d4 rounds. Follows sorcerer's commands.,,,,,,,
Kraken,23,CR,"Primordial, tentacled leviathans the size of war galleons. They live in the lightless depths of the deep ocean.",18,80,4 tentacle (near) +9 (2d12) or 1 storm or 1d4 lightning bolt,double near (swim),6,3,4,4,3,4,C,17,Impervious. Electricity immune.,Crush. Tentacle attacks deal double damage against objects.,Lighting Bolt. Straight line (5' wide) extending far from kraken. DC 15 DEX or 6d6 damage.,Storm. Seas become violently turbulent in 1 mile radius around kraken. Lasts 2d4 rounds. Seaborne vessels have a 1:6 chance of capsizing each round.,,,,,,
"Leech, Giant",,CR,"A glossy black, blood-drinking slug as large as a cat.",9,10,1 bite +1 (1d4 + attach),near (swim),1,-1,1,-3,-1,-3,N,2,Attach. Attach to target; bite auto-hits next round. DC 12 STR on turn to tear off.,,,,,,,,,
Leprechaun,4,CR,"Impish fey who favor green garb and love fooling ""tall folk"" with promises of gold.",13,19,1 spell +4,near,1,3,1,2,1,3,N,4,Alert. Cannot be surprised.,Slippery. Hostile spells targeting the leprechaun are DC 15 to cast.,Fool's Gold (CHA Spell). DC 12. Close. One small object or small group of similar objects. Turn objects into silver or gold pieces. Lasts 1 day.,Illusion (CHA Spell). DC 11. Create a convincing visual and/or auditory illusion within near. Lasts until dismissed.,Invisibility (CHA Spell). DC 12. Self. Become invisible for 2d4 rounds.,,,,,
Lich,21,CR,"A wizard who has completed a necromantic ritual to become a mighty, undead sorcerer. Its withered body is draped in moldering, silk robes, and red marshlights burn in its eyes.",16,62,2 touch +6 (2d8 + paralysis) and 2 spell +7,near,3,1,4,4,3,3,C,13,Supreme Undead. Immune to morale checks. Only damaged by magical sources.,Phylactery. Can't be killed while spirit vessel (an object) is intact.,Paralysis. DC 15 CON or paralyzed 1d4 rounds.,Flight (INT Spell). Self. DC 13. Fly double near for 5 rounds,Null (INT Spell). Self. DC 14. Hostile spells targeting lich are DC 18 to cast. Lasts 1d4 rounds.,Shadow Leap (INT Spell). Self. DC 14. Teleport up to 100 miles. ,Sigil of Doom (INT Spell). DC 15. One target of LV 9 or less within near DC 15 CON or go to 0 HP. ,Wither (INT Spell). DC 14. 4d8 damage to enemies within a near-sized cube centered on lich.,,
Lion,1,CR,Tawny great cats that hunt open planes. Males have manes.,12,15,2 rend +4 (1d8),near,4,2,2,-3,1,-3,N,3,,,,,,,,,,
Lizardfolk,  1/2  ,CR,"Crocodilian humanoids with scaly faces, claws, and tails. They dwell in swamps and rivers.",14 (leather + shield),11,1 spear (close/near) +2 (1d6),near (swim),1,1,2,-1,1,-2,C,2,,,,,,,,,,
Mage,6,CR,Trained wizards who are often members of a sorcerous order.,11,27,1 spell +5,near,-1,1,0,3,1,0,L,6,Arcane Armor (INT Spell). Self. DC 12. AC 16 for 2d4 rounds.,"Blast (INT Spell). DC 12. Far, one target. 2d6 damage.",Cancel (INT Spell). DC 13. End one spell affecting a target within near.,"Levitate (INT Spell). DC 12. Close. Focus. Hover near for duration, vertical movement only.",Snare (INT Spell). DC 13. Focus. One humanoid target within near paralyzed for duration.,,,,,
Mammoth,6,CR,"Massive, shaggy elephants with tusks that reach the ground.",15,44,2 tusks +7 (1d12),near,5,0,4,-2,1,0,N,9,Thick Fur. Cold immune.,"Charge. Move up to double near in straight line and make 1 tusks attack. If hit, x3 damage.",,,,,,,,
"Manta Ray, Giant",,CR,Swooping manta rays as large,13,37,2 sting +5,double near (swim),3,3,1,-2,1,-3,N,8,Poison. DC 15 CON or drop to 0 hit points in 1d4 rounds.,,,,,,,,,
Manticore,3,CR,Human-faced lions with bat,14,29,2 rend +6 (2d6) or 2 tail spike (far) +4 (1d8),double near (fly),4,2,2,-2,1,-2,C,6,Spikes. Manticores have 4d6 tail spikes. They regrow each day.,,,,,,,,,
Mastiff,  1/8  ,CR,Muscled guard dogs with fierce,11,4,1 bite +1 (1d6),near,1,1,0,-2,1,-2,N,1,,,,,,,,,,
Medusa,6,CR,Immortal women with coiling,14,38,1 snake bite +6 (1d6 + poison),near,2,1,2,2,3,4,C,8,Godborn. Hostile spells targeting the medusa are DC 15 to cast.,"Petrify. Any creature (including medusa) who looks directly at medusa, DC 15 CON or petrified.",Poison. DC 15 CON or go to 0 HP.,,,,,,,
Merfolk,  1/8  ,CR,Ocean dwellers with human,11,9,1 spear (close/near) +2 (1d6),near(swim),1,1,0,0,1,1,L,2,,,,,,,,,,
Mimic,2,CR,Beasts that look like objects.,12,23,2 bite +5 (1d8 + stick),near,2,0,1,-2,0,-3,N,5,Stick. DC 15 STR or adhere to target; auto-hit with bite. DC 15 STR on turn to remove.,,,,,,,,,
Minotaur,3,CR,Ferocious bull-men with hooves and curved horns. They live in mazelike tunnels.,14,34,2 greataxe +6 (1d10) and 1 horns +6 (1d12),near,4,1,3,1,2,1,C,7,"Charge: In place of attacks, move up to double near in a straight line and make 1 horn attack. If hit, x2 damage.",,,,,,,,,
Moose,,CR,"A towering, brown-haired grazer with weighty, flat antlers.",11,19,2 antler +3 (1d6),double near,3,0,1,-2,0,-2,N,4,,,,,,,,,,
Mordanticus The Flayed,,CR,"A skinless mummy-lich wearing a crown set with nine bright gems. Once the head of the ancient, wizardly order of Gehemna, Mordanticus now lives in secret within the sanctum of Gehemna's reigning archmage. He has served as an advisor and historian for centuries, but an enduring enchantment prevents him from speaking of two topics: his origins, and The Ten-Eyed Oracle.",17,89,1 rot touch +8 (1d10 + necrosis) and 3 spell +8,near,4,4,4,5,4,5,N,19,Legendary Undead. Immune to morale checks. Only damaged by magical sources. Hostile spells targeting Mordanticus are DC 18 to cast.,"Crown of Gehemna. 3/day, cause a spell being cast within far to fail.",Necrosis. DC 15 CON or go to 0 HP. Healing spells are DC 15 to cast on target while affected by necrosis.,Phylactery. Cannot be killed while spirit vessel (a diamond) is intact.,"Absorb (INT Spell). DC 13. Near, one target. Target loses the ability to cast one random spell until completing a rest, and Mordanticus regains a lost spell of the same tier or less.",Banish (INT Spell). DC 14. All extradimensional creatures within near DC 15 CHA or sent back to their home planes.,Bind (INT Spell). DC 12. One humanoid in far paralyzed 1d4 rounds.,Blast (INT Spell). DC 14. One creature in near takes 5d8 damage,Phase (INT Spell). DC 13. Self. Teleport up to one mile.,True Name (INT Spell). DC 15. Near. Learn the True Name of target.
Mummy,3,CR,"A desiccated, linen-wrapped zombie.",13,47,3 rot touch +8,near,3,0,2,3,2,3,C,10,Supreme Undead. Immune to morale checks. Only damaged by magical sources.,Dessicated. Can be damaged by fire. Takes x2 damage from it.,Necrosis. DC 15 CON or drop to 0 HP. Healing spells are DC 15 to cast on target while affected by necrosis.,,,,,,,
Mushroomfolk,,CR,"Lumbering humanoids with spongy, elongated bodies.",13,15,2 slam +2 (1d6),near (swim),2,-1,2,0,1,0,N,3,Sunblind. Blinded in bright light.,Telepathic. Speak mentally with creatures within double near.,,,,,,,,
Naga,8,CR,Magic-wielding cobras towering ten feet high.,16,43,2 bite +7,near (climb),4,1,3,2,2,4,C,9,Poison. DC 15 CON or paralyzed 1d4 rounds.,Agony (CHA Spell). DC 14. One target in near takes 3d8 damage.,Hypnotize (CHA Spell). DC 13. Focus. One target in near range who can see naga is helplessly stupefied for duration.,Whispers (CHA Spell). DC 12. Hostile spells cast on one target in near are DC 9 for 1d4 rounds.,,,,,,
"Naga, Bone",,CR,"Mindless, skeletal husks of nagas reanimated by sorcery.",13,31,2 bite +5,"near (burrow, climb)",3,2,4,-3,0,4,C,6,Greater Undead. Immune to morale checks. Only damaged by silver or magical sources.,,,,,,,,,
Nightmare,3,CR,"Black warhorses with flaming manes, hooves, and eyes.",13,29,2 hooves +5,double near (fly),3,3,2,-1,1,-2,C,6,Impervious. Nightmare and its rider immune to fire.,,,,,,,,,
Obe-Ixx Of Azarumme,,CR,"A pale, angular woman in translucent plate mail fashioned from giant scorpion chitin. Obe-Ixx, daughter of Azarumme, rose up from the prehistoric barbarian tribes of Tal-Yool to conquer all in her path. One day, she stood at the steps of an obsidian ziggurat deep within the trackless jungle. Forty nights later, Obe-Ixx emerged as the ur-vampire, bloodlust made flesh. Her dynasty would rise and fall again and again over the coming millennia.",18 (+3 plate mail),76,4 greatsword (near) +11 (1d12 + 2 + Moonbite properties) and 1 bite + 9 (1d8 + blood drain) and 1 charm,"near (climb, fly)",5,3,4,3,4,5,C,16,Immune to morale checks. Only damaged by magical sources. Hostile spells targeting Obe-Ixx are DC 18 to cast.,"Blood Drain. Obe-Ixx heals 2d8 HP, target loses 1d6 CON. At 0 CON, target dies and rises as a loyal vampire or vampire spawn (Obe-Ixx chooses).","Charm. One humanoid target who can see Obe-Ixx within near, DC 15 CHA or under Obe-Ixx's control for 1d4 days.","Moonbite Properties. +2 greatsword, thrown weapon, returns after being thrown. Spells to heal damage it inflicts are DC 15 to cast.","Shapechange. In place of attacks, turn into a giant bat, dire wolf, or back into regular form.",Ur-Vampire. Must sleep in sarcophagus at least once per moon cycle or loses 2d8 HP per day that cannot heal until sleeping in sarcophagus. Takes 3d8 damage each round while in direct sunlight. Cannot be killed unless pierced through heart while at 0 HP with a wooden stake carved from a tree from the Tal-Yool jungle.,,,,
Ochre Jelly,2,CR,An orange puddle of quivering slime.,9,20,2 tentacle +3 (1d6),near (climb),2,-1,2,-4,-3,-4,N,4,"Split. If cut or chopped, split into two smaller oozes (divide remaining HP between both). Can split up to four times.",,,,,,,,,
"Octopus, Giant",1,CR,Octopi as large as sailing skiffs.,13,23,2 tentacle (near) +4 (1d8 + grab),near (swim),3,3,1,-2,1,-3,N,5,"Grab. DC 15 STR or immobilized. Tentacle auto-hits each round. DC 15 STR on turn to break free. Ink. In place of attacks, ink cloud blinds all in near for 1d4 rounds.",,,,,,,,,
Ogre,2,CR,"A massive, dim-witted brute with tusks and a heavy frame. Often lords over goblins or orcs.",9,30,2 greatclub +6 (2d6),near,4,-1,3,-2,-2,-2,C,6,,,,,,,,,,
Oni,7,CR,"Cunning and sorcerous ogre-demons with shaggy white hair, blue skin, and yellow eyes.",11,33,1 glaive (near) +6 (1d10) or 1 spell +5,near,5,1,2,2,1,3,C,7,"Shapeshift. In place of attacks, turn into any humanoid or back into original form.",Fade (CHA Spell). DC 13. Self. Become invisible for 1d4 rounds.,Hellfrost (CHA Spell). DC 13. All within near-sized cube extending from oni 3d6 damage.,Mist (CHA Spell). DC 13. Self. Turn into mist that can fly double near. Lasts 2d4 rounds.,,,,,,
Orc,  1/2  ,CR,"A tusked, tall humanoid with gray skin and pointed ears.",15,4,1 greataxe +2 (1d8),near,2,0,0,-1,0,-1,C,1,"Rage. 1/day, immune to morale checks, +1d4 damage (3 rounds).",,,,,,,,,
"Orc, Chieftain",4,CR,An imposing orc with scars crisscrossing its body.,14,19,2 greataxe +4 (1d10),near,2,1,1,-1,0,-1,C,4,"Rage. 1/day, immune to morale checks, +1d4 damage (3 rounds).",,,,,,,,,
Otyugh,5,CR,"Stumpy, three-legged beasts with barbed tentacles and vast",13,35,"2 tentacle +5 (1d8) and 1 bite +5 (1d10 +
disease)",near,4,-1,4,-2,0,-3,N,7,Disease. DC 15 CON or infected. DC 15 CON each day or lose 1d6 HP (can't heal). Ends on success.,,,,,,,,,
"Outsider, Primordial Slime",,CR,A mass of clear ooze strobing with sick pulses of violet light.,9,30,2 tentacle +4 (1d10 + dissolve),near (climb),3,2,3,-4,-3,-4,C,6,Impervious. Only harmed by fire.,Dissolve. One random piece of non-magical gear is destroyed,,,,,,,,
"Outsider, Rime Walker",,CR,"Human-shaped beings formed from black space ice. Their eyes are two flickering, white lights.",16,43,4 claw +8 (1d12),near (fly),4,4,3,2,2,2,C,9,Impervious. Immune to cold.,Ice Aura. Enemies within near of rime walker DC 12 CON or lose action,,,,,,,,
"Outsider, Void Spawn",,CR,Scythe-like limbs jut from a purple bulb as big as an ogre. Its lower half is a nest of tentacles.,13,34,2 scythe +6 (1d10),near (fly),4,1,3,0,1,-1,C,7,Impervious. Immune to cold.,Toxin. DC 12 CON or paralyzed for 1d4 rounds,,,,,,,,
"Outsider, Void Spider",,CR,"Pale, horse-sized arachnids that become ghostly and intangible.",13,23,2 bite +4 (1d8 + poison),near (climb),3,3,1,-1,1,-2,C,5,Impervious. Immune to cold.,"Phase. Once per round, become corporeal or incorporeal",Poison. DC 12 CON or drop to 0 HP in 1d4 rounds,,,,,,,
Owlbear,3,CR,"Cantankerous bears with owl eyes, beaks, and feathers.",13,30,2 claw +5 (1d10),near (climb) S +4,4,1,3,-2,2,-3,N,6,Crush. Deals an extra die of damage if it hits the same target with both claws.,,,,,,,,,
Panther,  1/4  ,CR,Supple large cats with blue-black fur. Stealthy hunters.,14,3,2 rend +3 (1d6),near (climb) S +3,3,4,1,-2,1,-3,N,3,,,,,,,,,,
Peasant,,CR,A commoner in worn clothes.,10,4,1 club +0 (1d4),near,0,0,0,0,0,0,L,1,,,,,,,,,,
Pegasus,2,CR,Winged horses with noble bearings and pearly white coats.,12,15,2 hooves +3 (1d6),double near (fly) S +3,3,2,2,-3,1,0,N,3,,,,,,,,,,
Phoenix,,CR,"Huge, soaring eagles made of searing flames. Intelligent and imbued with immortal magic.",16,60,4 rend +8 (2d12),double near (fly),3,4,2,3,3,3,L,13,Impervious. Immune to fire. Only damaged by magical sources.,"Explosion. Upon death, creatures within double near of phoenix DC 18 DEX or 10d6 damage.",Heat Aura. Creatures within near of phoenix at start of turn DC 15 CON or 2d6 damage.,Rebirth. A red-hot egg remains after death. Phoenix hatches from it in 1d4 days.,,,,,,
"Piranha, Swarm",,CR,"A school of flat, silvery fish with vicious fangs.",12,13,2 bite +2 (1d6),near (swim),-2,2,0,-3,0,-3,N,3,Savage. ADV on attacks against creatures below half their HP.,,,,,,,,,
Pirate,,CR,Seafaring scoundrels who live to steal and hoard treasure.,12 (leather),4,1 cutlass +1 (1d6) or 1 dagger (close/near) +1 (1d4),near,1,1,0,0,0,0,C,1,,,,,,,,,,
Priest,2,CR,A respected member of a clergy who leads holy rituals and rites.,15 (chainmail + shield),23,2 mace +3 (1d6) or 1 spell +3,near,1,0,1,0,2,1,L,5,Anoint (WIS Spell). DC 12. Close. One weapon or armor becomes a magic +2 version for 10 rounds.,Healing Touch (WIS Spell). DC 11. Heal one creature within close for 2d4 HP.,Holy Flame (WIS Spell). DC 13. Self. Weapons ignite in magic flames and deal an additional 1d6 damage for 5 rounds.,Rebuke (WIS Spell). DC 13. Focus. Chaotic creatures cannot attack priest or come within near range for duration.,,,,,,
Purple Worm,,CR,A massive worm as tall as a castle keep. Has a rotating maw and is covered in purple chitin.,18,57,2 bite +9 (2d12 + swallow) and 1 sting (1d10 + poison),double near (burrow),5,1,3,-3,1,-3,N,12,Poison. DC 15 CON or go to 0 HP.,"Swallow. On a natural attack roll of 18-20, target is swallowed. Total darkness inside and 2d10 damage per round. Worm regurgitates all swallowed if dealt at least 20 damage in one round to the inside of its gullet.",,,,,,,,
Rakshasa,,CR,Demonic illusionists whose true form is of a humanlike great cat with backwards hands.,16,39,2 claw +6 (1d8),near,1,3,3,3,3,4,C,8,Impervious. Only damaged by magical sources. Immune to hostile spells of 3rd tier or lower.,Mesmerism. Can read the minds of all creatures within near. Can instantly take on the illusory appearance of any humanoid.,Weakness. A crossbow bolt under the effects of the holy weapon spell kills the rakshasa.,,,,,,,
Rat,0,CR,"Rangy, plague-carrying rodents that infest underground places.",10,1,1 bite +0 (1 + disease),near,-3,0,1,-3,1,-3,N,0,Disease. DC 9 CON or 1d4 CON damage (can't heal while ill). Repeat check once per day; ends on success. Die at 0 CON.,,,,,,,,,
"Rat, Dire",,CR,"Child-sized, savage rats bristling with bony face and spine ridges.",12,10,1 bite +2 (1d6 + disease),near,1,2,1,-2,1,-2,N,2,Disease. DC 12 CON or 1d4 CON damage (can't heal while ill). Repeat check once per day; ends on success. Die at 0 CON.,,,,,,,,,
"Rat, Giant",  1/8  ,CR,Cunning rats as large as cats. Mangy fur and wormlike tails.,11,5,1 bite +1 (1d4 + disease),near,-2,1,1,-2,1,-2,N,1,Disease. DC 12 CON or 1d4 CON damage (can't heal while ill). Repeat check once per day; ends on success. Die at 0 CON.,,,,,,,,,
"Rat, Swarm",  1/4  ,CR,A screeching tidal wave of clawing and biting rats.,10,28,4 bite +0 (1 + disease),near,-3,0,1,-3,1,-3,N,6,Disease. DC 9 CON or 1d4 CON damage (can't heal while ill). Repeat check once per day; ends on success. Die at 0 CON.,,,,,,,,,
Rathgamnon,,CR,"A pearl-white lion with feathered wings that stands twenty feet tall. Rathgamnon is Madeera the Covenant's mightiest servant; his blank eyes see far into the depths of time and space. He spends all eternity watching the whirl of the stars from the highest mountain in the realm of mortals, waiting for the celestial alignments that prophesy epochs of weal and woe, titanic changes to the balance of power in the cosmos, or threats to the laws of reality itself.",17,89,2 rend (near) +9 (2d10) and 2 spell +8,double near (fly),5,3,4,5,6,5,L,19,"Legendary. Only damaged by magical sources. Hostile spells
targeting Rathgamnon are DC 18 to cast.","Roar. In place of attacks, all creatures who can hear within far DC 18 CHA or be rendered blind and speechless for 1d4 days.",Abjure (WIS Spell). DC 13. Self. End any hostile magical effects affecting Rathgamnon.,Abolish (WIS Spell). DC 13. One target in far takes 5d8 damage.,Anchor (WIS Spell). DC 14. One target in far DC 18 STR or bound and anchored by chains of golden runes for 1d4 rounds.,Gate (WIS Spell). DC 14. Open a portal at a point within near to another location on any plane. Lasts 1d6 rounds or until dismissed.,Portent (WIS Spell). DC 14. Lasts 2d4 rounds. One target in near has advantage or disadvantage on all attack rolls and checks.,Time Stop (WIS Spell). DC 15. Self. Time freezes for everyone except Rathgamnon for 1d4 rounds. Everything that occurs during the time freeze happens simultaneously when the spell ends.,,
Reaver,,CR,A knight in blackened armor riddled with cruel barbs.,17 (plate mail + shield),28,3 bastard sword +4 (1d8 + 2),near,3,0,1,0,0,2,C,6,Bloodlust. +2 damage with melee weapons (included).,,,,,,,,,
Remorhaz,11,CR,"Massive, blue centipedes with neck hoods and red-hot spine spikes. Dwell in arctic climates.",16,47,3 bite +7 (2d6 + swallow),near (burrow),5,1,2,-3,1,-3,N,10,Impervious. Immune to cold and fire.,Melt. Non-magical metal objects that touch the remorhaz melt on a d6 roll of 1-3.,"Swallow. On a natural attack roll of 18-20, target is swallowed. Total darkness inside and 2d10 damage per round. Remorhaz regurgitates all swallowed if dealt at least 20 damage in one round to the inside of its gullet.",,,,,,,
Rhinoceros,2,CR,Gray-skinned bulls with single nose horns. Dwell in grasslands.,14,25,2 horn +4 (1d8),near,4,-1,3,-3,0,-3,N,5,"Charge. Move up to double near in straight line and make 1 horn attack. If hit, x3 damage.",,,,,,,,,
Roc,11,CR,Dragon-sized hawks that nest in remote mountains.,15,69,4 rend +9 (2d10 + grab),double near (fly),5,3,2,-2,2,-2,N,15,Grab. DC 18 STR or target held. DC 18 STR on turn to break free.,,,,,,,,,
Roper,5,CR,Ravenous monstrosities that look like cave rocks when their single eye and maw are closed.,14,31,4 tendril (double near) +4 (1d6 + grab) and 1 bite +4 (2d8),close (climb),3,-2,4,-1,2,1,N,6,Impervious. Can only be damaged by magical sources.,Grab. DC 15 STR or target trapped in tendril. Tendril autohits target next round. DC 15 STR on turn to break free.,"Pull. In place of a tendril attack, pull a grabbed target a near distance.",Tendrils. Four total. AC 18 each. 4+ damage to one severs it.,,,,,,
Rot Flower,,CR,Carnivorous flowers as large as a human. They reek of carrion.,9,10,1 bite +1 (1d4 + toxin),none,1,-3,1,-4,-3,-4,N,2,Toxin. DC 12 CON or unconscious for 1d4 rounds.,,,,,,,,,
Rust Monster,  1/2  ,CR,A mud-brown insect as big as a wolf with two feathery antennae. Consumes metal.,13,19,2 claw +3 (1d6),near (climb),2,3,1,-3,1,-3,N,4,Corrosive. Metal that touches the rust monster is destroyed on a d6 roll of 1-3.,,,,,,,,,
Sahuagin,  1/2  ,CR,"Humanoids with sea-green skin, webbed limbs, and shark teeth. Vicious hunters.",14,9,2 trident (near) +1 (1d6),near (swim),1,1,0,-1,0,-1,C,2,Half-Amphibious. Must be submerged in water every 4 hours or suffocates.,,,,,,,,,
Salamander,5,CR,Fire-colored lizardfolk with long tails. Flame-like frills run down their backs.,13,24,"2 flaming spear (close/near) +4 (1d6, ignites flammables) or 1 iron longbow (far) +2 (1d8)",near,2,0,2,-1,1,-1,C,5,Impervious. Fire immune. Heat Aura. Creatures in close DC 12 CON on turn or 1d8 damage.,,,,,,,,,
"Scarab, Swarm",,CR,"A chittering cloud of iridescent, oval-shaped beetles.",13,14,2 bite +3 (1d6),near (fly),-1,3,1,-3,0,-3,N,3,,,,,,,,,,
Scarecrow,1,CR,Ragged clothes and a painted burlap head stuffed with straw. Possessed by a malicious spirit.,12,15,2 claws +2 (1d6) or 1 scream,near,2,2,2,0,0,2,C,3,Scream. Creatures who hear in double near DC 12 CHA or paralyzed for 1d4 rounds.,,,,,,,,,
Scorpion,0,CR,Desert-dwelling arachnids with pincers and curved tail stingers.,11,1,1 sting +1 (1 + poison),near (climb),-4,1,0,-4,0,-4,N,0,Poison. DC 9 CON or go to 0 HP.,,,,,,,,,
"Scorpion, Giant",3,CR,Chitin-plated scorpions as big as camels.,14,13,1 claw +2 (1d6 + grab) and 1 sting +2 (1d4 + poison),near (climb),2,2,0,-4,0,-4,N,3,Grab. DC 12 STR or target held. DC 12 STR on turn to break free. Poison. DC 12 CON or go to 0 HP.,,,,,,,,,
Shadow,  1/2  ,CR,"Flitting, sentient shadows in the vague shape of a human.",12,15,2 touch +2 (1d4 + drain),near (fly),-4,2,2,-2,0,-1,C,3,"Drain. DC 12 CON or target's STR reduced by 1. At 0 STR, target dies and becomes a shadow.",,,,,,,,,
Shambling Mound,5,CR,Fetid piles of slimy vegetation animated to life by lightning.,14,20,2 slam +3 (1d6 + engulf),near,3,-2,2,-3,0,-3,N,4,Impervious. Fire immune. Healed by electricity.,"Engulf. If a target is hit by both slams in same round, it is pulled into shambling mound's body and suffocates in 2d4 rounds. DC 15 STR on turn to escape.",,,,,,,,
Shark,5,CR,"Bloodthirsty apex predators of the sea. Gray, torpedo-like body.",11,15,1 bite +3 (1d10),near (swim),3,1,2,-3,1,-3,N,3,,,,,,,,,,
"Shark, Megalodon",5,CR,Primordial sharks the size of whales. Savage hunters.,13,8,3 bite +7 (2d8),ouble near (swim),5,1,2,-3,1,-3,N,8,Fearless. Immune to morale checks.,,,,,,,,,
Siren,,CR,Baleful fey with dove wings and iridescent fish scales. Their singing entrances listeners.,12,18,2 claw +2 (1d6) or 1 song,"near (swim, fly)",0,2,0,2,2,4,C,4,Song. Enemies who can hear within double near DC 15 CHA or paralyzed 1d4 rounds. Immune for 1 day if passed check.,,,,,,,,,
Skeleton,  1/4  ,CR,A bleach-boned skeleton with red pinpoints of light in its eyes.,13 (chainmail),11,1 shortsword +1 (1d6) or 1 shortbow (far) +0 (1d4),near,1,0,2,-2,0,-1,C,2,Undead. Immune to morale checks.,,,,,,,,,
Smilodon,,CR,Prehistoric tigers with long canine fangs. They hunt grasslands and ice fields.,12,14,2 bite +3 (1d6),near,3,2,1,-3,1,-3,N,3,,,,,,,,,,
"Snake, Cobra",1,CR,A weaving serpent with a neck hood and lethal venom.,12,4,1 bite +2 (1 + poison),near,-3,2,0,-3,0,-3,N,1,Poison. DC 18 CON or go to 0 HP with a death timer of 1.,,,,,,,,,
"Snake, Giant",2,CR,"An enormous, mottled serpent that can swallow a cow whole.",12,23,2 bite +4 (1d6) and 1 constrict (near),near (climb),3,2,1,-2,0,-2,N,5,Constrict. Contested STR to hold target immobile for one round.,,,,,,,,,
"Snake, Swarm",2,CR,A roiling wave of snakes darting and flowing across the ground.,12,19,3 bite +2 (1d4 + poison),near,-3,2,1,-3,0,-3,N,4,Poison. DC 12 CON or go to 0 HP in 1d4 rounds.,,,,,,,,,
Soldier,  1/2  ,CR,An armed footsoldier trained in the ways of battlefield combat.,15 (chainmail + shield),10,1 longsword +2 (1d8) or 1 crossbow (far) +1 (1d6),near,1,0,1,0,0,0,L,2,,,,,,,,,,
Sphinx,11,CR,"A winged, leonine oracle who can see into time and space and often speaks in riddles. Lives in isolated mountains.",16,42,3 claw +7 (1d10) or 2 spell +5,double near (fly),4,1,2,4,4,3,L,9,"Roar. In place of attacks, all creatures who can hear within far DC 18 CHA or paralyzed 1d4 rounds.",Gate (WIS Spell). DC 14. Open a portal at a point within near to another location on any plane. Lasts 1d6 rounds or until dismissed.,Omens (WIS Spell). DC 12. Self. ADV on all actions for 1d4 rounds.,Riddle (WIS Spell). DC 12. One target in far DC 15 INT or stupefied 1d4 rounds.,Time Bend (WIS Spell). DC 14. One target in near frozen in time for 1d4 rounds.,Unmake (WIS Spell). DC 13. One target in far takes 3d8 damage.,,,,
Spider,0,CR,"Silent, web-weaving arachnids with a flesh-dissolving venom.",11,1,1 bite +1 (1 + poison),near (climb),-4,1,0,-4,0,-4,N,0,Poison. DC 9 CON or take 1d4 damage.,,,,,,,,,
"Spider, Giant",1,CR,"Bulbous abdomen and eight, spindly legs. Dwells high in trees or caves and ambushes prey, capturing them to eat later.",13,13,1 bite +3 (1d4 + poison),near (climb),2,3,0,-2,1,-2,N,3,Poison. DC 12 CON or paralyzed 1d4 hours.,,,,,,,,,
"Spider, Swarm",,CR,A scurrying carpet of spiders.,13,9,1 bite +3 (1d4 + poison),near (climb),-1,3,0,-3,1,-3,N,2,Poison. DC 12 CON or paralyzed 1d4 rounds.,,,,,,,,,
Stingbat,  1/8  ,CR,"Darting, orange insect-bat with four wings and needlelike beak.",12,4,1 beak +2 (1d4 + blood drain),near (fly),-2,2,0,-2,0,-2,N,1,Blood Drain. Attach to bitten target; auto-hit the next round. DC 9 STR on turn to remove.,,,,,,,,,
Strangler,,CR,"A gray-skinned, gaunt creature with four ropy limbs tipped in sucker-lined claws.",12,14,2 claws +2 (1d6),near (climb),-2,2,1,-2,0,-2,C,3,Stealthy. ADV on DEX checks to hide and sneak.,Strangle. Deals x2 damage against surprised creatures.,,,,,,,,
The Tarrasque,30,CR,"A colossal, four-legged reptile with crocodilian jaws, amber scales, and a diamond-hard, spiked carapace. It towers overhead like a mountain, able to swallow entire villages in one gulp. The tarrasque hibernates deep in the earth or at the bottom of the sea for centuries, only awakening long enough to fill its vast belly in an indiscriminate rampage of terror and destruction. There is only one tarrasque, and it is the most dreaded creature to walk the earth.",22,140,4 thrash (near) +13 (3d10 + sever) and 1 bite (near) +13 (5d10 + sever + swallow),"triple near (burrow, swim)",7,2,5,-3,1,-3,N,30,Legendary. Only damaged by magical sources. Hostile spells targeting the tarrasque are DC 18 to cast.,Deep Dweller. Immune to harm from fire and cold. Amphibious.,Permanent Death. Cannot be permanently killed unless a wish spell is cast on it while it is at 0 HP.,"Rampage. In place of attacks, move far in a straight line and make one bite attack. On a hit, triple damage.","Reflective Carapace. Immune to rays, blasts, or bolts of energy. 1:6 chance these are reflected back at their originator.",Regeneration. Regains 4d10 lost HP at the beginning of its turn.,"Sever. On a natural attack roll of 18+, the attack also severs a random limb. 1d6: 1. Head, 2-4. Arm, 5-6. Leg.",Swallow. DC 18 STR or swallowed whole. Total darkness inside and 4d10 damage per round. Tarrasque regurgitates all swallowed if dealt at least 30 damage in one round to the inside of its gullet.,,
The Ten-Eyed Oracle,,CR,"A floating mass of rubbery skin crusted with barnacles. Its ten eyestalks writhe like snakes, and a deep, circular scar mars its central body, blinding what was once a large eye above a lipless maw. The Ten-Eyed Oracle stalks the Shadowdark, burbling mad prophesies and somehow moving freely between the lightless fathoms of the earth. The keepers of the deep lore suspect The Ten-Eyed Oracle was once a benevolent ally of mankind, but an unknown calamity drove it to insanity and reckless hatred.",17,85,2d4 eyestalk ray,near (fly),4,5,4,5,4,4,C,18,Legendary. Only damaged by magical sources. Hostile spells targeting The Ten-Eyed Oracle are DC 18 to cast.,"Eyestalk Ray. Each ray can shoot once per round and target one creature or an object up to 1,000 pounds (up to four on same target).
1. Charm. DC 15 CHA or become ally for 1d4 rounds.
2. Hold. DC 15 STR or paralyzed 1d4 rounds.
3. Sleep. DC 15 WIS or asleep 1d4 rounds.
4. Polymorph. DC 15 INT or turned into vermin for 1d4 rounds.
5. Cancel. DC 15 DEX or all magical effects on target end.
6. Confusion. DC 15 WIS or attack a random ally within near.
7. Telekinesis. DC 15 STR or hover target up to double near.
8. Disintegrate. DC 15 DEX or 5d8 damage (object destroyed).
9. Petrify. DC 15 CON or petrified.
10. Death. DC 15 CON or drop to 0 HP with a death timer of 1.",,,,,,,,
The Wandering Merchant,,CR,"A cheerful merchant who appears to be a hale, middle-aged human man with a handlebar mustache. He wears a white shirt, breeches, and leather apron, and he hauls a towering backpack bursting at the seams. Few know the merchant's true nature and origins, though some theorize he is an immortal being or a god (they are not entirely incorrect). The Wandering Merchant always has something useful, far-flung, or incredible to sell at a reasonable price, and there's no telling when or where he'll show up next...",16 (mithral chainmail),71,4 +3 vorpal bastard sword +9 (1d10 + lop),near,3,3,4,3,4,5,L,15,Legendary. Only damaged by magical sources. Hostile spells targeting The Wandering Merchant are DC 18 to cast.,"Amulet of Rahm-Hotep. In place of attacks, teleport to a random location in the multiverse.",Bottomless Bag: Contains 200 gear slots in magical sub-pockets. Weighs as much as a normal backpack. The Wandering Merchant can summon it to himself from anywhere by snapping his fingers.,Dice of Truth: A set of three six-sided dice whose rolls cannot be magically or mundanely altered in any way.,"Lop. On a natural attack roll of 18-20, behead the target.","Reckoning. Any creature who steals from The Wandering Merchant develops a curse. Over the next 2d8 days, that creature turns into a cockatrice. This curse can only be lifted by a wish spell or by returning the stolen goods.",Strange Lands. The Wandering Merchant does not suffer any ill effects from the natural environment he does not wish to suffer.,,,
Thief,,CR,A cat burglar in a black cloak.,13 (leather),13,1 dagger (close/near) +2 (1d4) or 1 shortsword +0 (1d6),near,0,2,0,0,0,1,N,3,Stealthy. ADV on DEX checks to sneak and hide.,Backstab. Deal x2 damage against surprised creatures.,,,,,,,,
Thug,  1/2  ,CR,A bruised and boorish ruffian.,13 (leather + shield),4,1 shortsword +1 (1d6),near,1,0,0,-1,1,-1,C,1,,,,,,,,,,
Treant,9,CR,"Peaceful, slow-moving trees with merry eyes and tremulous voices. They protect the forest.",14,8,3 slam +8 (1d10) or 1 rock (far) +8 (2d12),near,4,-1,2,2,3,1,N,8,"Animate Tree. 2/day. In place of attacks, one tree within near awakens as a treant ally without this ability. Reverts back in 1 day.",,,,,,,,,
Troll,5,CR,"Green, lanky giants with warty skin and territorial rage. Lair in deep forests and swamps.",12,24,2 claw +4 (1d6) and 1 bite +4 (1d10),near,3,2,2,-1,0,-1,C,5,Regenerate. Regains 2d6 HP on its turn unless its wounds are cauterized with fire or acid.,,,,,,,,,
"Troll, Frost",,CR,"Rime-covered trolls with blue skin and flinty, black eyes. They stalk arctic lands and frozen boreal forests.",13,34,2 claw +5 (1d8) and 1 bite +5 (1d12),near,3,2,3,-1,0,-1,C,7,Impervious. Cold and fire immune.,Regenerate. Regains 2d6 HP on its turn unless its wounds are cauterized with acid.,,,,,,,,
Unicorn,5,CR,A silvery horse with a flowing mane and a single spiral horn.,12,20,1 hooves +3 (1d6),double near,3,2,2,1,2,3,L,4,Healing Horn. A touch heals 2d6 HP or ends one curse or disease.,,,,,,,,,
Vampire,13,CR,"Pale, blood-drinking undead of supreme power and wickedness. They loathe sunlight and protect",15,52,3 bite +7 (1d8 + blood drain) or 1 charm,near (climb),4,3,3,1,3,4,C,11,Supreme Undead. Immune to morale checks. Only damaged by magical sources.,"Blood Drain. Vampire heals 2d6 HP and target loses 1d4 CON. At 0 CON, target dies and rises as a","Charm. One humanoid target who can see vampire within near, DC 15 CHA or under vampire's control","Shapechange. In place of attacks, turn into a bat, wolf, or back into regular form.",Vampire. Must sleep in a coffin daily or loses 2d6 HP each day that can't be healed until resting in coffin. Takes 3d8 damage each round while in direct sunlight. Cannot be killed unless pierced through heart with a wooden stake while at 0 HP.,,,,,
Vampire Spawn,5,CR,"Lesser, feral vampires born from the bite of their vampiric sires. Bloodthirsty and savage. They rarely leave a victim alive.",13 (leather),25,2 bite +4 (1d8 + blood drain),near (climb),3,2,3,-1,1,2,C,5,Greater Undead. Immune to morale checks. Only damaged by silver or magical sources.,"Blood Drain. Vampire heals 2d6 HP and target loses 1d4 CON. At 0 CON, target dies and rises as an allied vampire spawn.",Vampire. Must sleep in a coffin daily or loses 2d6 HP each day that can't be healed until resting in coffin. Takes 3d8 damage each round while in direct sunlight. Cannot be killed unless pierced through heart with a wooden stake while at 0 HP.,,,,,,,
Violet Fungus,  1/4  ,CR,"Child-sized, creeping fungi with neon purple caps. Their whiplike roots decompose living flesh.",7,9,2 tendril (near) +0 (1d4),close,-3,-2,0,-4,-3,-4,N,2,,,,,,,,,,
Viperian,,CR,"Lithe, snake-headed people with cobra hoods and emerald green scales covering their bodies.",13,13,2 scimitar +2 (1d6) or 1 javelin (close/far) +2 (1d4),near,1,1,0,0,1,0,C,3,,,,,,,,,,
"Viperian, Ophid",,CR,A giant anaconda body merges into a humanoid torso with a large snake head. It wears golden torcs and strings of glittering moonstones.,14,28,3 falchion +5 (1d10) or 2 longbow (far) +3 (1d8),near (climb),4,2,1,1,1,1,C,6,Impervious. Can only be harmed by magical sources.,,,,,,,,,
"Viperian, Wizard",,CR,"Thin viperians with scales tinged in black. They wear silk robes and silver, serpentine jewelry.",13,37,1 dagger (close/near) +2 (1d4) or 2 spell +5,near,0,1,0,3,1,1,C,8,Hiss (INT Spell). DC 12. End one spell within far.,Summon Cobra (INT Spell). DC 13. Summon 1d4 loyal cobras that appear within near. They leave in 1d4 rounds.,Venom (INT Spell). DC 12. One target in far takes 2d8 damage.,Whispers (INT Spell). DC 14. Focus. All enemies within near of viperian wizard have DISADV on spellcasting checks for the duration.,,,,,,
Vulture,0,CR,"Scavenger birds with black feathers, hunched backs, and bald heads.",10,5,1 tear +1 (1d4),near (fly),1,0,1,-3,1,-3,N,1,Carrion Tracker. Can track dead flesh unerringly within a mile.,,,,,,,,,
"Wasp, Giant",,CR,"Man-sized wasps with glossy, yellow-striped abdomens.",13,9,1 sting +3 (1d6+venom),near (fly),1,3,0,-3,0,-3,N,2,Venom. DC 9 CON or go to 0 HP.,,,,,,,,,
Wererat,2,CR,"A slinking, rat-faced humanoid covered in mangy fur.",13 (leather),14,2 bite +2 (1d6),near (climb),1,2,1,-1,1,-1,C,3,Impervious. Only damaged by silver or magic sources.,"Lycanthropy. If 12 or more damage from the same wererat, contract lycanthropy.",,,,,,,,
Werewolf,3,CR,"A bipedal, wolf-faced humanoid covered in brown fur.",12,20,2 rend +3 (1d6),double near,3,2,2,0,1,0,C,4,Impervious. Only damaged by silver or magic sources.,"Lycanthropy. If 12 or more damage from the same werewolf, contract lycanthropy.",,,,,,,,
Wight,3,CR,"A pale, armored undead warrior with sinister intelligence.",14 (chainmail),15,1 bastard sword +3 (1d10) and 1 life drain +3,near,3,1,2,1,0,3,C,3,Greater Undead. Immune to morale checks. Only damaged by silver or magical sources.,Life Drain. 1d4 CON damage. Death if reduced to 0 CON.,,,,,,,,
Will-O'-Wisp,2,CR,A bobbing marsh light animated by an evil spirit. It tries to lead the living into danger.,13,10,1 life drain +3,near (fly),-3,3,1,-1,-1,-2,C,2,Life Drain. 1d4 CON damage. Death if reduced to 0 CON.,,,,,,,,,
Wolf,  1/4  ,CR,"A giant canine with a gray pelt, yellow eyes, and dripping jaws.",12,10,1 bite +2 (1d6),double near,2,2,1,-2,1,0,N,2,Pack Hunter. Deals +1 damage while an ally is close.,,,,,,,,,
"Wolf, Dire",1,CR,A massive wolf with spines of black bone along its brow ridge and back.,12,19,2 bite +4 (1d8),double near,3,2,1,-1,1,0,N,4,Pack Hunter. Deals +1 damage while next to an ally.,,,,,,,,,
"Wolf, Winter",3,CR,"Sinister, white-pelted wolves with piercing blue eyes. From the fey realms of eternal winter.",12,23,2 bite +4 (1d6),double near,3,2,1,0,1,0,C,5,Impervious. Cold immune.,Frost Breath. Fills a near-sized cube extending from winter wolf. DC 15 DEX or 3d8 damage. Cannot use again for 1d4 rounds.,,,,,,,,
Worg,  1/2  ,CR,Bat-faced wolves that speak Goblin and often serve as war mounts for goblinkind.,11,14,1 bite +3 (1d6),double near,2,1,1,-2,1,-2,C,3,,,,,,,,,,
Wraith,5,CR,A shadowy spirit seething with anger and malice. Its presence is unsettling to animals.,14,36,3 death touch +6 (1d10 + life drain),near (fly),-4,4,0,0,0,3,C,8,Greater Undead. Immune to morale checks. Only damaged by silver or magical sources.,"Incorporeal. In place of attacks, become corporeal or incorporeal.",Life Drain. 1d4 CON damage. Death if reduced to 0 CON.,,,,,,,
Wyvern,6,CR,"Dragon-cousins with a large tail stinger, mottled lizard skin, and leathery wings.",15,37,2 rend +6 (1d8) and 1 stinger +6 (1d6 + poison),double near (fly),4,2,1,-3,1,-3,N,8,Poison. DC 15 CON or take 2d10 damage.,,,,,,,,,
Zombie,  1/4  ,CR,Lurching and decomposed undead that hunt in mobs.,8,11,1 slam +2 (1d6),near,2,-2,2,-2,-2,-3,C,2,Undead. Immune to morale checks.,"Relentless. If zombie reduced to 0 HP by a non-magical source, DC 15 CON to go to 1 HP instead.",,,,,,,,